emp_no,name,gender,org_code,position,hire_date,resign_date,status,email,phone,is_test_data
E00001,周秀芳,1,D_RISK,经理,2021-06-03,\N,ACTIVE,e00001@simcf.com,13831919020,1
E00002,沈涛,2,D_RISK,主管,2024-04-19,\N,ACTIVE,e00002@simcf.com,13813245463,1
E00003,张超,1,D_RISK,工程师,2020-06-10,\N,ACTIVE,e00003@simcf.com,13848939388,1
E00004,刘桂芳,2,D_RISK,主管,2022-05-11,\N,ACTIVE,e00004@simcf.com,13839080020,1
E00005,柳宇,2,D_RISK,总监,2020-10-14,\N,ACTIVE,e00005@simcf.com,13871928366,1
E00006,张婷,1,D_RISK,总监,2024-06-12,\N,ACTIVE,e00006@simcf.com,13826527387,1
E00007,罗倩,2,D_RISK,高级经理,2024-03-05,\N,ACTIVE,e00007@simcf.com,13802153826,1
E00008,王红霞,1,D_RISK,专员,2025-08-27,\N,ACTIVE,e00008@simcf.com,13812840015,1
E00009,林琳,1,D_RISK,高级专员,2025-06-18,\N,ACTIVE,e00009@simcf.com,13816092692,1
E00010,吴红,1,D_RISK,工程师,2025-07-12,\N,ACTIVE,e00010@simcf.com,13867091470,1
E00011,胡斌,1,D_RISK,副总,2021-08-18,\N,ACTIVE,e00011@simcf.com,13825532295,1
E00012,孙婷,1,D_RISK,总监,2022-09-25,\N,ACTIVE,e00012@simcf.com,13894995302,1
E00013,王彬,2,D_RISK,高级专员,2025-06-04,\N,ACTIVE,e00013@simcf.com,13854534002,1
E00014,高宁,1,D_RISK,分析师,2023-03-21,\N,ACTIVE,e00014@simcf.com,13873108374,1
E00015,周桂芝,2,D_RISK,高级经理,2024-09-21,\N,ACTIVE,e00015@simcf.com,13817199231,1
E00016,郭婷婷,1,D_RISK,高级经理,2020-04-01,2022-08-12,RESIGNED,e00016@simcf.com,13898748135,1
E00017,罗淑兰,2,D_FIN,工程师,2022-10-03,\N,ACTIVE,e00017@simcf.com,13814736149,1
E00018,郭婷,1,D_FIN,工程师,2024-06-03,\N,ACTIVE,e00018@simcf.com,13844252183,1
E00019,刘雷,2,D_FIN,高级经理,2025-01-25,\N,ACTIVE,e00019@simcf.com,13866817405,1
E00020,孙兵,1,D_FIN,专员,2023-01-22,\N,ACTIVE,e00020@simcf.com,13817944471,1
E00021,翁想,2,D_FIN,工程师,2021-09-13,\N,ACTIVE,e00021@simcf.com,13805248243,1
E00022,龚想,1,D_FIN,工程师,2020-04-24,\N,ACTIVE,e00022@simcf.com,13873925500,1
E00023,钟帅,1,D_FIN,总监,2020-04-19,\N,ACTIVE,e00023@simcf.com,13801053107,1
E00024,徐桂花,1,D_FIN,副总,2023-06-27,\N,ACTIVE,e00024@simcf.com,13863610661,1
E00025,刘晨,2,D_FIN,主管,2023-02-09,\N,ACTIVE,e00025@simcf.com,13852395302,1
E00026,曹凯,1,D_FIN,经理,2023-12-07,\N,ACTIVE,e00026@simcf.com,13818477928,1
E00027,沈红,1,D_FIN,专员,2021-04-20,\N,ACTIVE,e00027@simcf.com,13802510209,1
E00028,周俊,1,D_FIN,总监,2020-07-18,\N,ACTIVE,e00028@simcf.com,13883842512,1
E00029,葛东,2,D_FIN,高级经理,2021-04-11,\N,ACTIVE,e00029@simcf.com,13855365810,1
E00030,邓雪,2,D_FIN,经理,2021-02-25,\N,ACTIVE,e00030@simcf.com,13871334381,1
E00031,赵淑珍,1,D_FIN,分析师,2022-11-19,\N,ACTIVE,e00031@simcf.com,13819890382,1
E00032,王淑华,2,D_FIN,工程师,2021-08-05,\N,ACTIVE,e00032@simcf.com,13818024334,1
E00033,杨丽华,2,D_FIN,总监,2021-04-12,\N,ACTIVE,e00033@simcf.com,13880934579,1
E00034,胡东,2,D_FIN,专员,2020-10-28,\N,ACTIVE,e00034@simcf.com,13856926201,1
E00035,李桂荣,2,D_FIN,总监,2020-01-26,\N,ACTIVE,e00035@simcf.com,13813358447,1
E00036,孙博,2,D_FIN,总监,2022-01-23,\N,ACTIVE,e00036@simcf.com,13826004943,1
E00037,张雷,1,D_FIN,工程师,2021-11-26,\N,ACTIVE,e00037@simcf.com,13826627847,1
E00038,石雪,1,D_FIN,专员,2023-06-08,\N,ACTIVE,e00038@simcf.com,13862388728,1
E00039,陈淑华,1,D_FIN,专员,2022-02-25,\N,ACTIVE,e00039@simcf.com,13890186974,1
E00040,刘东,1,D_FIN,高级经理,2022-05-22,\N,ACTIVE,e00040@simcf.com,13837229343,1
E00041,陈璐,2,D_FIN,经理,2022-03-05,\N,ACTIVE,e00041@simcf.com,13813543667,1
E00042,韦淑珍,2,D_FIN,分析师,2020-03-02,\N,ACTIVE,e00042@simcf.com,13846681163,1
E00043,曾红梅,1,D_FIN,总监,2024-04-06,\N,ACTIVE,e00043@simcf.com,13868368213,1
E00044,韦秀华,2,D_FIN,专员,2021-11-16,\N,ACTIVE,e00044@simcf.com,13892791443,1
E00045,杨丽娟,1,D_FIN,主管,2023-03-03,\N,ACTIVE,e00045@simcf.com,13842816389,1
E00046,李佳,1,D_FIN,主管,2024-04-04,\N,ACTIVE,e00046@simcf.com,13821296445,1
E00047,颜帅,2,D_FIN,副总,2023-12-10,\N,ACTIVE,e00047@simcf.com,13867267092,1
E00048,姜春梅,1,D_FIN,经理,2022-01-13,\N,ACTIVE,e00048@simcf.com,13827464909,1
E00049,杨春梅,2,D_FIN,经理,2020-03-10,\N,ACTIVE,e00049@simcf.com,13862521920,1
E00050,栗桂香,1,D_FIN,主管,2022-12-11,\N,ACTIVE,e00050@simcf.com,13805055516,1
E00051,王健,1,D_FIN,经理,2022-02-04,\N,ACTIVE,e00051@simcf.com,13896982804,1
E00052,詹玉华,1,D_FIN,高级经理,2025-10-22,\N,ACTIVE,e00052@simcf.com,13824484166,1
E00053,胡建,1,D_FIN,高级经理,2022-01-17,\N,ACTIVE,e00053@simcf.com,13892232986,1
E00054,李春梅,2,D_FIN,总监,2021-05-27,\N,ACTIVE,e00054@simcf.com,13845815513,1
E00055,傅柳,1,D_FIN,高级专员,2025-11-22,\N,ACTIVE,e00055@simcf.com,13807595532,1
E00056,张丽华,2,D_FIN,主管,2022-12-18,\N,ACTIVE,e00056@simcf.com,13880335801,1
E00057,王玉,2,D_FIN,总监,2023-06-23,\N,ACTIVE,e00057@simcf.com,13804145391,1
E00058,张雪梅,1,D_FIN,工程师,2023-05-16,\N,ACTIVE,e00058@simcf.com,13822215745,1
E00059,郑健,1,D_FIN,副总,2023-10-14,\N,ACTIVE,e00059@simcf.com,13882986064,1
E00060,童璐,1,D_FIN,总监,2025-07-04,\N,ACTIVE,e00060@simcf.com,13890024935,1
E00061,侯志强,1,D_FIN,高级专员,2023-10-20,\N,ACTIVE,e00061@simcf.com,13880247946,1
E00062,李淑兰,1,D_FIN,专员,2022-03-12,\N,ACTIVE,e00062@simcf.com,13823531036,1
E00063,朱璐,1,D_FIN,分析师,2023-11-09,\N,ACTIVE,e00063@simcf.com,13804850402,1
E00064,梁想,1,D_FIN,总监,2025-02-07,\N,ACTIVE,e00064@simcf.com,13876805812,1
E00065,李桂花,2,D_SELF,高级专员,2023-02-07,\N,ACTIVE,e00065@simcf.com,13829653045,1
E00066,申桂兰,2,D_SELF,分析师,2020-03-11,\N,ACTIVE,e00066@simcf.com,13895174215,1
E00067,樊娜,1,D_SELF,主管,2023-09-21,\N,ACTIVE,e00067@simcf.com,13877569064,1
E00068,张平,2,D_SELF,专员,2020-02-06,\N,ACTIVE,e00068@simcf.com,13819051372,1
E00069,李凤英,1,D_SELF,专员,2024-11-20,\N,ACTIVE,e00069@simcf.com,13814673828,1
E00070,赵艳,1,D_SELF,总监,2021-07-06,\N,ACTIVE,e00070@simcf.com,13872088481,1
E00071,王博,2,D_SELF,副总,2021-01-07,\N,ACTIVE,e00071@simcf.com,13898947736,1
E00072,穆东,1,D_SELF,副总,2023-11-28,2024-07-30,RESIGNED,e00072@simcf.com,13877984172,1
E00073,刘金凤,1,D_SELF,高级经理,2025-03-22,\N,ACTIVE,e00073@simcf.com,13873235586,1
E00074,汤敏,1,D_SELF,分析师,2024-03-10,2025-01-31,RESIGNED,e00074@simcf.com,13883628439,1
E00075,林玉英,2,D_SELF,副总,2022-07-23,\N,ACTIVE,e00075@simcf.com,13891531968,1
E00076,曾丽,2,D_SELF,经理,2025-09-15,\N,ACTIVE,e00076@simcf.com,13894774598,1
E00077,杜阳,1,D_SELF,总监,2020-10-08,\N,ACTIVE,e00077@simcf.com,13828084991,1
E00078,张欢,2,D_SELF,主管,2022-01-11,\N,ACTIVE,e00078@simcf.com,13802023461,1
E00079,董建国,2,D_SELF,总监,2023-04-08,\N,ACTIVE,e00079@simcf.com,13834667848,1
E00080,吕莉,2,D_SELF,经理,2023-02-28,\N,ACTIVE,e00080@simcf.com,13812575864,1
E00081,赵峰,2,D_SELF,主管,2025-01-16,\N,ACTIVE,e00081@simcf.com,13803833494,1
E00082,耿欣,1,D_SELF,专员,2025-06-23,\N,ACTIVE,e00082@simcf.com,13818631192,1
E00083,萧建平,1,D_SELF,主管,2025-11-21,\N,ACTIVE,e00083@simcf.com,13867580758,1
E00084,林欢,2,D_SELF,工程师,2021-09-24,\N,ACTIVE,e00084@simcf.com,13898168457,1
E00085,张坤,1,D_SELF,高级专员,2022-01-08,\N,ACTIVE,e00085@simcf.com,13899401913,1
E00086,黄畅,2,D_SELF,总监,2021-07-02,\N,ACTIVE,e00086@simcf.com,13836204914,1
E00087,赵洁,1,D_SELF,副总,2023-12-04,\N,ACTIVE,e00087@simcf.com,13875458047,1
E00088,李桂花,2,D_SELF,总监,2025-02-02,\N,ACTIVE,e00088@simcf.com,13800379522,1
E00089,郭霞,1,D_SELF,主管,2023-02-20,\N,ACTIVE,e00089@simcf.com,13826529241,1
E00090,李勇,2,D_SELF,工程师,2022-01-25,\N,ACTIVE,e00090@simcf.com,13804920013,1
E00091,陈红梅,2,D_SELF,主管,2023-10-19,\N,ACTIVE,e00091@simcf.com,13862962624,1
E00092,孙建华,2,D_SELF,工程师,2021-07-04,\N,ACTIVE,e00092@simcf.com,13834791387,1
E00093,袁淑华,1,D_PLAT,经理,2025-12-19,\N,ACTIVE,e00093@simcf.com,13844830539,1
E00094,郭霞,1,D_PLAT,高级专员,2023-04-09,\N,ACTIVE,e00094@simcf.com,13821787819,1
E00095,尹洋,1,D_PLAT,高级专员,2021-03-18,\N,ACTIVE,e00095@simcf.com,13813867666,1
E00096,王军,1,D_PLAT,总监,2023-04-18,\N,ACTIVE,e00096@simcf.com,13875879953,1
E00097,靳健,2,D_PLAT,高级经理,2024-08-05,\N,ACTIVE,e00097@simcf.com,13894051904,1
E00098,梁小红,2,D_PLAT,总监,2020-12-28,\N,ACTIVE,e00098@simcf.com,13862161844,1
E00099,郭凤兰,1,D_PLAT,副总,2020-11-24,\N,ACTIVE,e00099@simcf.com,13872398183,1
E00100,王建华,1,D_PLAT,主管,2023-04-01,\N,ACTIVE,e00100@simcf.com,13824973537,1
E00101,樊桂芳,2,D_PLAT,总监,2023-08-03,\N,ACTIVE,e00101@simcf.com,13899082394,1
E00102,张杰,1,D_PLAT,经理,2020-02-06,\N,ACTIVE,e00102@simcf.com,13885168172,1
E00103,李萍,2,D_PLAT,工程师,2023-06-02,\N,ACTIVE,e00103@simcf.com,13865672537,1
E00104,李玉华,1,D_PLAT,经理,2020-02-15,\N,ACTIVE,e00104@simcf.com,13847172633,1
E00105,王淑珍,2,D_PLAT,主管,2020-12-24,\N,ACTIVE,e00105@simcf.com,13826996279,1
E00106,张春梅,2,D_PLAT,主管,2020-07-06,\N,ACTIVE,e00106@simcf.com,13822306540,1
E00107,郭刚,2,D_PLAT,经理,2022-05-24,\N,ACTIVE,e00107@simcf.com,13844622728,1
E00108,刘龙,1,D_PLAT,总监,2021-03-19,\N,ACTIVE,e00108@simcf.com,13848344643,1
E00109,申丽丽,1,D_PLAT,高级专员,2025-10-27,\N,ACTIVE,e00109@simcf.com,13875496444,1
E00110,林红,2,D_PLAT,经理,2021-02-15,\N,ACTIVE,e00110@simcf.com,13802010119,1
E00111,王红霞,1,D_PLAT,分析师,2025-07-19,\N,ACTIVE,e00111@simcf.com,13812787745,1
E00112,张秀梅,1,D_PLAT,主管,2022-10-18,\N,ACTIVE,e00112@simcf.com,13894128935,1
E00113,唐瑜,1,D_PLAT,高级经理,2022-01-04,\N,ACTIVE,e00113@simcf.com,13837204673,1
E00114,秦红梅,2,D_PLAT,总监,2024-03-19,\N,ACTIVE,e00114@simcf.com,13848676797,1
E00115,申凤兰,2,D_PLAT,专员,2023-06-16,\N,ACTIVE,e00115@simcf.com,13852620236,1
E00116,徐斌,2,D_PLAT,分析师,2024-11-07,\N,ACTIVE,e00116@simcf.com,13863669091,1
E00117,胡秀兰,2,D_PLAT,工程师,2022-12-28,\N,ACTIVE,e00117@simcf.com,13841558020,1
E00118,李玉华,2,D_PLAT,高级经理,2025-11-12,\N,ACTIVE,e00118@simcf.com,13875896681,1
E00119,方丹,2,D_PLAT,高级经理,2023-08-21,\N,ACTIVE,e00119@simcf.com,13890152320,1
E00120,管雷,1,D_PLAT,高级经理,2021-07-23,\N,ACTIVE,e00120@simcf.com,13895110353,1
E00121,仇坤,1,D_PLAT,经理,2025-08-04,\N,ACTIVE,e00121@simcf.com,13837220025,1
E00122,傅洋,1,D_PLAT,副总,2022-03-26,\N,ACTIVE,e00122@simcf.com,13879340038,1
E00123,李英,1,D_PLAT,专员,2021-02-14,\N,ACTIVE,e00123@simcf.com,13819944779,1
E00124,张勇,1,D_PLAT,总监,2021-12-22,\N,ACTIVE,e00124@simcf.com,13813503761,1
E00125,杨娜,1,D_PLAT,主管,2025-04-05,\N,ACTIVE,e00125@simcf.com,13854462592,1
E00126,邢春梅,1,D_PLAT,专员,2021-09-02,\N,ACTIVE,e00126@simcf.com,13822768561,1
E00127,全芳,1,D_PLAT,主管,2024-01-03,\N,ACTIVE,e00127@simcf.com,13877208775,1
E00128,张小红,1,D_PLAT,分析师,2023-08-16,\N,ACTIVE,e00128@simcf.com,13805153964,1
E00129,满雷,1,D_PLAT,主管,2020-12-15,\N,ACTIVE,e00129@simcf.com,13859847768,1
E00130,李琴,1,D_PLAT,分析师,2022-08-04,\N,ACTIVE,e00130@simcf.com,13878138579,1
E00131,夏玉梅,2,D_PLAT,工程师,2024-11-27,\N,ACTIVE,e00131@simcf.com,13857187057,1
E00132,刘洋,2,D_PLAT,高级经理,2025-07-12,\N,ACTIVE,e00132@simcf.com,13850783402,1
E00133,彭英,2,D_JOINT,总监,2023-01-07,\N,ACTIVE,e00133@simcf.com,13807786327,1
E00134,崔桂花,1,D_JOINT,总监,2023-08-25,\N,ACTIVE,e00134@simcf.com,13889005156,1
E00135,周飞,1,D_JOINT,分析师,2020-07-16,2023-05-25,RESIGNED,e00135@simcf.com,13843051171,1
E00136,王琳,1,D_JOINT,高级经理,2020-03-21,\N,ACTIVE,e00136@simcf.com,13881129074,1
E00137,李超,1,D_JOINT,主管,2022-12-12,\N,ACTIVE,e00137@simcf.com,13836388974,1
E00138,王秀珍,1,D_JOINT,经理,2020-07-03,\N,ACTIVE,e00138@simcf.com,13857641427,1
E00139,黄龙,1,D_JOINT,高级经理,2024-02-28,\N,ACTIVE,e00139@simcf.com,13862091794,1
E00140,孙梅,1,D_JOINT,高级专员,2025-04-12,\N,ACTIVE,e00140@simcf.com,13820343503,1
E00141,邹文,2,D_JOINT,高级经理,2024-03-21,\N,ACTIVE,e00141@simcf.com,13898010506,1
E00142,冀阳,1,D_JOINT,经理,2022-06-27,\N,ACTIVE,e00142@simcf.com,13847327000,1
E00143,陈玉兰,2,D_JOINT,专员,2022-06-24,\N,ACTIVE,e00143@simcf.com,13894565278,1
E00144,曹玉英,1,D_JOINT,高级专员,2024-07-16,\N,ACTIVE,e00144@simcf.com,13882326249,1
E00145,陈建,2,D_JOINT,主管,2024-07-16,\N,ACTIVE,e00145@simcf.com,13858212185,1
E00146,黄秀珍,1,D_JOINT,总监,2022-07-21,\N,ACTIVE,e00146@simcf.com,13843582557,1
E00147,韩莉,2,D_JOINT,主管,2024-04-26,\N,ACTIVE,e00147@simcf.com,13897746016,1
E00148,李宁,2,D_JOINT,高级经理,2021-12-08,\N,ACTIVE,e00148@simcf.com,13806333024,1
E00149,张涛,2,D_JOINT,副总,2023-03-21,\N,ACTIVE,e00149@simcf.com,13867383576,1
E00150,徐雪梅,2,D_JOINT,高级专员,2023-11-26,\N,ACTIVE,e00150@simcf.com,13870541721,1
E00151,苏红,1,D_JOINT,高级专员,2021-03-14,\N,ACTIVE,e00151@simcf.com,13854240889,1
E00152,钟辉,2,D_JOINT,高级专员,2025-03-09,\N,ACTIVE,e00152@simcf.com,13867063585,1
E00153,孔丹丹,2,D_JOINT,总监,2023-02-24,\N,ACTIVE,e00153@simcf.com,13894772173,1
E00154,冉秀云,1,D_JOINT,总监,2025-09-02,\N,ACTIVE,e00154@simcf.com,13834949584,1
E00155,陈畅,1,D_JOINT,分析师,2021-09-27,\N,ACTIVE,e00155@simcf.com,13819649324,1
E00156,陈东,1,D_JOINT,总监,2022-05-09,\N,ACTIVE,e00156@simcf.com,13846840208,1
E00157,王慧,2,D_JOINT,高级经理,2022-12-11,\N,ACTIVE,e00157@simcf.com,13868903699,1
E00158,许桂芝,1,D_JOINT,专员,2025-08-21,\N,ACTIVE,e00158@simcf.com,13824669220,1
E00159,林淑珍,2,D_JOINT,主管,2020-08-18,2022-08-09,RESIGNED,e00159@simcf.com,13863052101,1
E00160,罗红,2,D_JOINT,主管,2023-09-21,\N,ACTIVE,e00160@simcf.com,13855275435,1
E00161,钟浩,1,D_JOINT,副总,2020-06-25,\N,ACTIVE,e00161@simcf.com,13860207912,1
E00162,张刚,1,D_JOINT,经理,2020-03-17,\N,ACTIVE,e00162@simcf.com,13829015858,1
E00163,张文,2,D_JOINT,工程师,2023-11-04,\N,ACTIVE,e00163@simcf.com,13834989003,1
E00164,罗海燕,1,D_JOINT,经理,2024-10-23,\N,ACTIVE,e00164@simcf.com,13883845733,1
E00165,卞飞,1,D_JOINT,经理,2022-07-03,\N,ACTIVE,e00165@simcf.com,13845624601,1
E00166,巩凤兰,2,D_JOINT,工程师,2022-11-25,\N,ACTIVE,e00166@simcf.com,13803638754,1
E00167,谢凤英,1,D_JOINT,高级专员,2021-02-08,\N,ACTIVE,e00167@simcf.com,13894824736,1
E00168,赵秀珍,2,D_JOINT,副总,2023-06-15,\N,ACTIVE,e00168@simcf.com,13802528933,1
E00169,邓宇,2,D_JOINT,高级经理,2022-07-02,\N,ACTIVE,e00169@simcf.com,13855141701,1
E00170,石桂芝,1,D_JOINT,专员,2020-10-09,\N,ACTIVE,e00170@simcf.com,13844608652,1
E00171,张峰,1,D_JOINT,经理,2023-04-01,\N,ACTIVE,e00171@simcf.com,13856537984,1
E00172,赵刚,1,D_JOINT,经理,2023-05-15,\N,ACTIVE,e00172@simcf.com,13883120143,1
E00173,徐鹏,1,D_JOINT,高级经理,2020-05-07,\N,ACTIVE,e00173@simcf.com,13864265471,1
E00174,李旭,1,D_JOINT,工程师,2021-05-21,\N,ACTIVE,e00174@simcf.com,13857472217,1
E00175,赵秀兰,1,D_JOINT,主管,2023-08-18,\N,ACTIVE,e00175@simcf.com,13870205942,1
E00176,曹小红,2,D_JOINT,高级经理,2022-02-01,\N,ACTIVE,e00176@simcf.com,13857193179,1
E00177,柳淑华,2,D_JOINT,高级专员,2022-11-13,\N,ACTIVE,e00177@simcf.com,13838169849,1
E00178,赵玉兰,2,D_JOINT,经理,2022-05-21,\N,ACTIVE,e00178@simcf.com,13878909458,1
E00179,王辉,1,D_JOINT,高级专员,2021-03-03,\N,ACTIVE,e00179@simcf.com,13828102256,1
E00180,周杨,2,D_JOINT,主管,2021-11-16,\N,ACTIVE,e00180@simcf.com,13890572844,1
E00181,李秀英,2,D_MKT,主管,2021-12-13,\N,ACTIVE,e00181@simcf.com,13891443325,1
E00182,黄浩,2,D_MKT,总监,2024-10-18,\N,ACTIVE,e00182@simcf.com,13867622589,1
E00183,刘杰,2,D_MKT,副总,2022-06-03,\N,ACTIVE,e00183@simcf.com,13897230261,1
E00184,原雪,1,D_MKT,专员,2025-09-15,\N,ACTIVE,e00184@simcf.com,13885972188,1
E00185,徐秀梅,1,D_MKT,主管,2024-07-09,\N,ACTIVE,e00185@simcf.com,13839750796,1
E00186,庞晨,1,D_MKT,高级专员,2025-03-10,\N,ACTIVE,e00186@simcf.com,13805428484,1
E00187,唐建华,2,D_MKT,总监,2025-12-28,\N,ACTIVE,e00187@simcf.com,13832730949,1
E00188,常红霞,1,D_MKT,高级专员,2024-08-13,\N,ACTIVE,e00188@simcf.com,13872673279,1
E00189,高丹丹,1,D_MKT,专员,2022-05-27,\N,ACTIVE,e00189@simcf.com,13864735036,1
E00190,杨伟,2,D_MKT,工程师,2023-03-26,\N,ACTIVE,e00190@simcf.com,13806239730,1
E00191,龚磊,1,D_MKT,分析师,2024-04-21,\N,ACTIVE,e00191@simcf.com,13822004392,1
E00192,龚荣,2,D_MKT,经理,2023-12-09,\N,ACTIVE,e00192@simcf.com,13817365474,1
E00193,许志强,1,D_MKT,总监,2020-09-28,\N,ACTIVE,e00193@simcf.com,13896524272,1
E00194,张颖,1,D_MKT,高级经理,2020-04-07,\N,ACTIVE,e00194@simcf.com,13853935201,1
E00195,闵秀荣,2,D_MKT,经理,2020-06-15,\N,ACTIVE,e00195@simcf.com,13815172612,1
E00196,陈平,1,D_MKT,主管,2023-01-08,\N,ACTIVE,e00196@simcf.com,13811488718,1
E00197,李涛,1,D_MKT,副总,2025-12-10,\N,ACTIVE,e00197@simcf.com,13892954693,1
E00198,李建,1,D_MKT,副总,2021-01-26,\N,ACTIVE,e00198@simcf.com,13863049796,1
E00199,王建,2,D_MKT,分析师,2020-05-01,\N,ACTIVE,e00199@simcf.com,13878751254,1
E00200,赵健,2,D_MKT,分析师,2022-06-08,\N,ACTIVE,e00200@simcf.com,13821239422,1
E00201,祁英,1,D_MKT,分析师,2024-04-27,\N,ACTIVE,e00201@simcf.com,13891151540,1
E00202,杨荣,2,D_MKT,总监,2024-07-18,\N,ACTIVE,e00202@simcf.com,13833295160,1
E00203,刘瑜,1,D_MKT,主管,2021-09-08,\N,ACTIVE,e00203@simcf.com,13861326414,1
E00204,任志强,1,D_MKT,经理,2022-02-23,\N,ACTIVE,e00204@simcf.com,13841232338,1
E00205,杨秀梅,2,D_MKT,副总,2024-04-05,\N,ACTIVE,e00205@simcf.com,13851967573,1
E00206,林丽,2,D_MKT,专员,2025-02-11,\N,ACTIVE,e00206@simcf.com,13810042446,1
E00207,任建国,2,D_MKT,高级专员,2025-10-28,\N,ACTIVE,e00207@simcf.com,13864885905,1
E00208,孙淑珍,1,D_MKT,专员,2021-02-27,\N,ACTIVE,e00208@simcf.com,13819611117,1
E00209,陈桂英,1,D_MKT,工程师,2020-09-02,\N,ACTIVE,e00209@simcf.com,13817809125,1
E00210,张华,1,D_MKT,经理,2023-07-14,\N,ACTIVE,e00210@simcf.com,13850123300,1
E00211,张秀英,1,D_MKT,工程师,2024-01-26,\N,ACTIVE,e00211@simcf.com,13806292544,1
E00212,陈静,2,D_MKT,分析师,2022-10-19,\N,ACTIVE,e00212@simcf.com,13848400404,1
E00213,陈桂兰,2,D_MKT,专员,2022-07-09,\N,ACTIVE,e00213@simcf.com,13830360582,1
E00214,马飞,2,D_MKT,主管,2025-10-17,\N,ACTIVE,e00214@simcf.com,13886219116,1
E00215,刘春梅,2,D_MKT,总监,2022-10-11,\N,ACTIVE,e00215@simcf.com,13850270028,1
E00216,黄雪梅,1,D_MKT,高级经理,2021-06-22,\N,ACTIVE,e00216@simcf.com,13844649438,1
E00217,陈勇,2,D_MKT,经理,2024-02-01,\N,ACTIVE,e00217@simcf.com,13856425548,1
E00218,陈坤,1,D_MKT,经理,2020-10-04,\N,ACTIVE,e00218@simcf.com,13814940199,1
E00219,周倩,2,D_MKT,分析师,2023-09-02,\N,ACTIVE,e00219@simcf.com,13890636537,1
E00220,权坤,1,D_MKT,经理,2020-08-17,\N,ACTIVE,e00220@simcf.com,13866537146,1
E00221,林博,1,D_MKT,主管,2024-11-14,\N,ACTIVE,e00221@simcf.com,13880459724,1
E00222,杨红,1,D_MKT,专员,2023-04-18,\N,ACTIVE,e00222@simcf.com,13875208637,1
E00223,鞠佳,1,D_MKT,工程师,2023-02-18,\N,ACTIVE,e00223@simcf.com,13885480942,1
E00224,王桂花,1,D_MKT,总监,2025-07-21,\N,ACTIVE,e00224@simcf.com,13880926563,1
E00225,赵志强,2,D_MKT,分析师,2020-12-19,\N,ACTIVE,e00225@simcf.com,13868619136,1
E00226,林莹,2,D_MKT,主管,2021-04-13,\N,ACTIVE,e00226@simcf.com,13818308039,1
E00227,毛金凤,1,D_MKT,主管,2025-12-10,\N,ACTIVE,e00227@simcf.com,13877781844,1
E00228,邹梅,2,D_MKT,专员,2020-10-22,\N,ACTIVE,e00228@simcf.com,13826826053,1
E00229,辛洁,1,D_OPS,高级专员,2023-03-08,\N,ACTIVE,e00229@simcf.com,13855922196,1
E00230,胡凤兰,2,D_OPS,高级经理,2024-12-16,\N,ACTIVE,e00230@simcf.com,13809537145,1
E00231,陈娟,1,D_OPS,总监,2023-12-25,\N,ACTIVE,e00231@simcf.com,13823351416,1
E00232,曲建,2,D_OPS,主管,2023-08-11,2024-11-16,RESIGNED,e00232@simcf.com,13835561770,1
E00233,吴芳,2,D_OPS,高级经理,2024-04-20,\N,ACTIVE,e00233@simcf.com,13867678249,1
E00234,周金凤,1,D_OPS,工程师,2023-05-13,\N,ACTIVE,e00234@simcf.com,13865208139,1
E00235,杨艳,1,D_OPS,高级经理,2024-10-26,\N,ACTIVE,e00235@simcf.com,13837675249,1
E00236,张淑英,2,D_OPS,专员,2025-11-15,\N,ACTIVE,e00236@simcf.com,13874857507,1
E00237,王帆,1,D_OPS,高级经理,2025-11-02,\N,ACTIVE,e00237@simcf.com,13842216638,1
E00238,赵杰,1,D_OPS,经理,2024-07-08,\N,ACTIVE,e00238@simcf.com,13814027378,1
E00239,骆丽丽,2,D_OPS,总监,2022-11-20,\N,ACTIVE,e00239@simcf.com,13878863317,1
E00240,辛玉英,1,D_OPS,工程师,2024-04-12,\N,ACTIVE,e00240@simcf.com,13846709544,1
E00241,翟金凤,2,D_OPS,工程师,2024-08-07,\N,ACTIVE,e00241@simcf.com,13867470354,1
E00242,徐璐,1,D_OPS,工程师,2022-01-26,\N,ACTIVE,e00242@simcf.com,13819318190,1
E00243,李秀梅,2,D_OPS,副总,2021-09-27,2024-09-27,RESIGNED,e00243@simcf.com,13839602300,1
E00244,李帅,1,D_OPS,副总,2023-01-07,\N,ACTIVE,e00244@simcf.com,13853467010,1
E00245,卢秀兰,1,D_OPS,高级专员,2021-12-04,\N,ACTIVE,e00245@simcf.com,13804222502,1
E00246,刘芳,1,D_OPS,高级专员,2022-10-14,\N,ACTIVE,e00246@simcf.com,13827517449,1
E00247,张玉兰,1,D_OPS,工程师,2022-12-08,\N,ACTIVE,e00247@simcf.com,13816308833,1
E00248,秦磊,2,D_OPS,专员,2020-04-28,\N,ACTIVE,e00248@simcf.com,13898842813,1
E00249,马佳,1,D_OPS,副总,2021-07-10,\N,ACTIVE,e00249@simcf.com,13865782282,1
E00250,孙芳,1,D_OPS,副总,2022-08-27,2023-05-03,RESIGNED,e00250@simcf.com,13825145024,1
E00251,谢成,1,D_OPS,总监,2025-08-23,\N,ACTIVE,e00251@simcf.com,13872093154,1
E00252,高伟,1,D_OPS,总监,2023-12-14,\N,ACTIVE,e00252@simcf.com,13885291472,1
E00253,王桂芝,1,D_OPS,总监,2022-10-20,\N,ACTIVE,e00253@simcf.com,13882693358,1
E00254,沙雷,1,D_OPS,专员,2021-06-09,\N,ACTIVE,e00254@simcf.com,13862571215,1
E00255,王志强,1,D_OPS,高级经理,2020-12-15,2024-12-14,RESIGNED,e00255@simcf.com,13878402451,1
E00256,缪燕,2,D_OPS,专员,2021-03-24,\N,ACTIVE,e00256@simcf.com,13892854756,1
E00257,钟桂珍,1,D_OPS,工程师,2020-04-02,\N,ACTIVE,e00257@simcf.com,13832534106,1
E00258,周桂花,1,D_OPS,主管,2023-10-07,\N,ACTIVE,e00258@simcf.com,13840385499,1
E00259,冉桂芝,2,D_OPS,高级专员,2022-11-17,\N,ACTIVE,e00259@simcf.com,13827967695,1
E00260,何春梅,1,D_OPS,经理,2022-03-13,\N,ACTIVE,e00260@simcf.com,13895224651,1
E00261,曹桂荣,1,D_OPS,高级经理,2024-12-18,\N,ACTIVE,e00261@simcf.com,13816669850,1
E00262,余桂花,1,D_OPS,主管,2024-10-16,\N,ACTIVE,e00262@simcf.com,13856141549,1
E00263,徐瑜,1,D_OPS,高级专员,2025-03-01,\N,ACTIVE,e00263@simcf.com,13803274557,1
E00264,乔秀华,2,D_OPS,工程师,2022-04-16,\N,ACTIVE,e00264@simcf.com,13833417803,1
E00265,陈丹,2,D_OPS,经理,2020-01-05,\N,ACTIVE,e00265@simcf.com,13845023692,1
E00266,王柳,2,D_OPS,专员,2022-05-12,\N,ACTIVE,e00266@simcf.com,13839215318,1
E00267,李刚,1,D_OPS,专员,2023-10-18,\N,ACTIVE,e00267@simcf.com,13891171496,1
E00268,郭艳,1,D_OPS,经理,2023-01-16,\N,ACTIVE,e00268@simcf.com,13866282666,1
E00269,蒋兵,1,D_OPS,工程师,2022-01-14,\N,ACTIVE,e00269@simcf.com,13894502557,1
E00270,高凤兰,2,D_OPS,分析师,2020-11-01,\N,ACTIVE,e00270@simcf.com,13862412593,1
E00271,屈帆,1,D_OPS,副总,2025-05-19,\N,ACTIVE,e00271@simcf.com,13896219184,1
E00272,洪芳,2,D_OPS,高级专员,2020-09-07,\N,ACTIVE,e00272@simcf.com,13883311473,1
E00273,张桂珍,2,D_OPS,分析师,2025-11-22,\N,ACTIVE,e00273@simcf.com,13843317082,1
E00274,张萍,1,D_OPS,经理,2023-11-28,\N,ACTIVE,e00274@simcf.com,13852843214,1
E00275,潘娜,1,D_OPS,主管,2025-03-02,\N,ACTIVE,e00275@simcf.com,13867243428,1
E00276,阴飞,1,D_OPS,分析师,2024-09-26,\N,ACTIVE,e00276@simcf.com,13897287812,1
E00277,杨波,2,D_TECH,高级专员,2023-02-15,\N,ACTIVE,e00277@simcf.com,13852944886,1
E00278,刘俊,1,D_TECH,专员,2021-04-15,\N,ACTIVE,e00278@simcf.com,13870257124,1
E00279,杨红霞,1,D_TECH,专员,2024-08-15,\N,ACTIVE,e00279@simcf.com,13813756772,1
E00280,李刚,1,D_TECH,高级经理,2023-12-04,\N,ACTIVE,e00280@simcf.com,13810204881,1
E00281,孙东,2,D_TECH,高级经理,2025-05-25,\N,ACTIVE,e00281@simcf.com,13826587551,1
E00282,王玉梅,1,D_TECH,总监,2022-12-16,\N,ACTIVE,e00282@simcf.com,13836122636,1
E00283,陈静,1,D_TECH,高级经理,2024-02-22,\N,ACTIVE,e00283@simcf.com,13823381407,1
E00284,汤杰,1,D_TECH,高级经理,2022-07-14,\N,ACTIVE,e00284@simcf.com,13839078427,1
E00285,吴林,2,D_TECH,工程师,2025-07-01,\N,ACTIVE,e00285@simcf.com,13882255611,1
E00286,巩建,2,D_TECH,高级经理,2022-04-16,\N,ACTIVE,e00286@simcf.com,13888991272,1
E00287,陶萍,1,D_TECH,工程师,2024-10-11,\N,ACTIVE,e00287@simcf.com,13891453185,1
E00288,陆慧,1,D_TECH,工程师,2021-12-08,\N,ACTIVE,e00288@simcf.com,13838530059,1
E00289,袁婷,1,D_TECH,工程师,2025-10-28,\N,ACTIVE,e00289@simcf.com,13843472575,1
E00290,邢涛,2,D_TECH,分析师,2020-11-19,2022-04-22,RESIGNED,e00290@simcf.com,13891372228,1
E00291,李成,1,D_TECH,主管,2024-06-10,\N,ACTIVE,e00291@simcf.com,13842250945,1
E00292,崔婷婷,2,D_TECH,总监,2021-10-10,\N,ACTIVE,e00292@simcf.com,13890076474,1
E00293,李桂香,1,D_TECH,经理,2020-05-08,\N,ACTIVE,e00293@simcf.com,13891394546,1
E00294,蒋丽娟,2,D_TECH,专员,2020-11-20,\N,ACTIVE,e00294@simcf.com,13858828346,1
E00295,谢畅,1,D_TECH,高级专员,2024-06-01,\N,ACTIVE,e00295@simcf.com,13835608090,1
E00296,元娜,2,D_TECH,高级经理,2021-02-04,\N,ACTIVE,e00296@simcf.com,13847444389,1
E00297,蒋成,2,D_TECH,高级经理,2021-11-10,\N,ACTIVE,e00297@simcf.com,13863974215,1
E00298,刘丹,1,D_DATA,高级专员,2022-12-28,\N,ACTIVE,e00298@simcf.com,13866510775,1
E00299,邢建军,1,D_DATA,经理,2020-03-05,\N,ACTIVE,e00299@simcf.com,13876124627,1
E00300,余婷婷,1,D_DATA,总监,2023-09-14,\N,ACTIVE,e00300@simcf.com,13809667136,1
E00301,林柳,2,D_DATA,工程师,2025-01-21,\N,ACTIVE,e00301@simcf.com,13863700245,1
E00302,徐宇,2,D_DATA,分析师,2020-10-25,\N,ACTIVE,e00302@simcf.com,13817572606,1
E00303,任秀兰,1,D_DATA,专员,2020-04-13,\N,ACTIVE,e00303@simcf.com,13884061713,1
E00304,张玉,2,D_DATA,高级专员,2020-09-20,\N,ACTIVE,e00304@simcf.com,13878706471,1
E00305,吴淑珍,1,D_DATA,高级经理,2025-07-15,\N,ACTIVE,e00305@simcf.com,13851080342,1
E00306,徐阳,1,D_DATA,高级经理,2024-07-23,\N,ACTIVE,e00306@simcf.com,13846604577,1
E00307,陈建国,2,D_DATA,工程师,2020-01-15,\N,ACTIVE,e00307@simcf.com,13818747318,1
E00308,周秀英,2,D_DATA,总监,2021-10-16,\N,ACTIVE,e00308@simcf.com,13863872837,1
E00309,粟秀梅,2,D_DATA,高级经理,2025-05-17,\N,ACTIVE,e00309@simcf.com,13827136674,1
E00310,张坤,2,D_DATA,高级经理,2021-08-22,\N,ACTIVE,e00310@simcf.com,13850938950,1
E00311,王龙,1,D_DATA,副总,2021-03-19,\N,ACTIVE,e00311@simcf.com,13832073132,1
E00312,方飞,2,D_DATA,分析师,2021-06-26,\N,ACTIVE,e00312@simcf.com,13877723789,1
E00313,李颖,2,D_DATA,主管,2020-09-27,\N,ACTIVE,e00313@simcf.com,13821276947,1
E00314,刘淑英,2,D_DATA,专员,2023-09-01,\N,ACTIVE,e00314@simcf.com,13858406227,1
E00315,吴阳,1,D_DATA,专员,2024-01-05,\N,ACTIVE,e00315@simcf.com,13857969562,1
E00316,杜英,2,D_DATA,高级经理,2024-05-13,\N,ACTIVE,e00316@simcf.com,13896965609,1
E00317,麦秀珍,2,D_DATA,总监,2023-11-13,\N,ACTIVE,e00317@simcf.com,13899634355,1
E00318,吕芳,1,D_DATA,工程师,2024-11-18,\N,ACTIVE,e00318@simcf.com,13854329930,1
E00319,何宁,2,D_DATA,主管,2023-12-17,\N,ACTIVE,e00319@simcf.com,13872170404,1
E00320,李英,1,D_DATA,经理,2024-03-15,\N,ACTIVE,e00320@simcf.com,13829515723,1
E00321,邓婷,2,D_DATA,经理,2023-01-14,\N,ACTIVE,e00321@simcf.com,13848772619,1
E00322,曾慧,1,D_DATA,主管,2023-09-25,\N,ACTIVE,e00322@simcf.com,13882585011,1
E00323,温桂荣,1,D_DATA,高级经理,2023-06-12,\N,ACTIVE,e00323@simcf.com,13808443673,1
E00324,蓝洁,1,D_DATA,副总,2025-11-15,\N,ACTIVE,e00324@simcf.com,13850521360,1
E00325,周桂荣,1,D_DATA,高级经理,2023-09-18,\N,ACTIVE,e00325@simcf.com,13810971139,1
E00326,徐岩,2,D_DATA,高级专员,2021-01-04,\N,ACTIVE,e00326@simcf.com,13811846179,1
E00327,梁龙,1,D_DATA,工程师,2025-02-01,\N,ACTIVE,e00327@simcf.com,13863618330,1
E00328,李想,2,D_DATA,总监,2025-05-19,\N,ACTIVE,e00328@simcf.com,13867612397,1
E00329,仇欣,1,D_DATA,专员,2022-05-26,\N,ACTIVE,e00329@simcf.com,13879270074,1
E00330,李文,2,D_DATA,高级经理,2022-07-08,\N,ACTIVE,e00330@simcf.com,13803129233,1
E00331,贺林,1,D_DATA,经理,2020-07-21,\N,ACTIVE,e00331@simcf.com,13823862690,1
E00332,陈鑫,1,D_DATA,副总,2025-12-02,\N,ACTIVE,e00332@simcf.com,13847045220,1
E00333,胡鑫,1,D_DATA,工程师,2022-09-11,\N,ACTIVE,e00333@simcf.com,13865140994,1
E00334,武玉珍,1,D_DATA,经理,2020-03-04,\N,ACTIVE,e00334@simcf.com,13871825679,1
E00335,陈秀梅,2,D_DATA,高级经理,2024-05-17,\N,ACTIVE,e00335@simcf.com,13896451253,1
E00336,李想,1,D_DATA,工程师,2020-05-07,2021-12-20,RESIGNED,e00336@simcf.com,13805320193,1
E00337,刘丽,2,D_DATA,高级专员,2025-11-17,\N,ACTIVE,e00337@simcf.com,13850859779,1
E00338,万丹丹,2,D_DATA,高级经理,2025-02-13,\N,ACTIVE,e00338@simcf.com,13890688953,1
E00339,韦浩,2,D_DATA,高级经理,2024-08-23,\N,ACTIVE,e00339@simcf.com,13806702627,1
E00340,鞠莹,1,D_DATA,高级经理,2022-02-25,\N,ACTIVE,e00340@simcf.com,13859565461,1
E00341,隋晨,1,D_DATA,副总,2024-09-07,\N,ACTIVE,e00341@simcf.com,13877680568,1
E00342,林鑫,1,D_DATA,主管,2021-02-27,\N,ACTIVE,e00342@simcf.com,13880972197,1
E00343,郭丽丽,1,D_DATA,工程师,2020-06-09,\N,ACTIVE,e00343@simcf.com,13803342338,1
E00344,杨鑫,1,D_DATA,副总,2022-04-18,\N,ACTIVE,e00344@simcf.com,13812448124,1
E00345,梁飞,1,D_DATA,经理,2023-10-12,\N,ACTIVE,e00345@simcf.com,13846345684,1
E00346,郭健,1,D_DATA,分析师,2020-10-20,\N,ACTIVE,e00346@simcf.com,13802405611,1
E00347,王畅,2,D_DATA,经理,2021-05-02,\N,ACTIVE,e00347@simcf.com,13838166981,1
E00348,孙丹丹,2,D_DATA,经理,2024-09-13,\N,ACTIVE,e00348@simcf.com,13868932035,1
E00349,李琴,2,D_DATA,专员,2023-09-12,\N,ACTIVE,e00349@simcf.com,13892844846,1
E00350,张志强,2,D_DATA,高级经理,2025-04-19,\N,ACTIVE,e00350@simcf.com,13817613615,1
E00351,钟秀云,2,D_HR,工程师,2023-08-01,\N,ACTIVE,e00351@simcf.com,13858087466,1
E00352,罗秀芳,2,D_HR,副总,2024-11-13,\N,ACTIVE,e00352@simcf.com,13861126166,1
E00353,董帅,2,D_HR,专员,2021-03-26,\N,ACTIVE,e00353@simcf.com,13894722216,1
E00354,彭建国,2,D_HR,副总,2024-09-20,\N,ACTIVE,e00354@simcf.com,13894726844,1
E00355,何鹏,1,D_HR,分析师,2025-07-02,\N,ACTIVE,e00355@simcf.com,13860586351,1
E00356,邱雪,1,D_HR,工程师,2023-11-11,\N,ACTIVE,e00356@simcf.com,13809321134,1
E00357,张红梅,2,D_HR,专员,2024-05-17,\N,ACTIVE,e00357@simcf.com,13809893904,1
E00358,孟秀芳,1,D_HR,分析师,2022-01-27,\N,ACTIVE,e00358@simcf.com,13836184857,1
E00359,张鹏,1,D_HR,高级经理,2024-11-14,\N,ACTIVE,e00359@simcf.com,13801230724,1
E00360,萧兰英,2,D_HR,经理,2020-08-16,\N,ACTIVE,e00360@simcf.com,13832286315,1
E00361,周阳,1,D_HR,高级专员,2025-10-18,\N,ACTIVE,e00361@simcf.com,13893480374,1
E00362,姜秀芳,1,D_HR,高级经理,2022-07-05,\N,ACTIVE,e00362@simcf.com,13806502704,1
E00363,赵雪,1,D_HR,工程师,2023-05-04,\N,ACTIVE,e00363@simcf.com,13883164563,1
E00364,赵玉梅,1,D_HR,总监,2025-08-13,\N,ACTIVE,e00364@simcf.com,13807085913,1
E00365,王玉兰,1,D_HR,总监,2020-09-18,\N,ACTIVE,e00365@simcf.com,13871463658,1
E00366,徐凤兰,1,D_HR,高级专员,2020-08-10,\N,ACTIVE,e00366@simcf.com,13851213086,1
E00367,罗丽华,1,D_HR,主管,2025-09-21,\N,ACTIVE,e00367@simcf.com,13881218609,1
E00368,李琳,1,D_HR,主管,2024-12-07,\N,ACTIVE,e00368@simcf.com,13842767083,1
E00369,陈杰,2,D_HR,分析师,2023-11-26,\N,ACTIVE,e00369@simcf.com,13877546478,1
E00370,覃畅,2,D_HR,工程师,2020-02-27,\N,ACTIVE,e00370@simcf.com,13802372168,1
E00371,任玉珍,1,D_HR,工程师,2020-08-11,\N,ACTIVE,e00371@simcf.com,13890874199,1
E00372,张帆,2,D_HR,工程师,2024-06-25,\N,ACTIVE,e00372@simcf.com,13814753782,1
E00373,李成,1,D_HR,分析师,2025-03-13,\N,ACTIVE,e00373@simcf.com,13882147753,1
E00374,谢桂花,2,D_HR,主管,2021-05-24,\N,ACTIVE,e00374@simcf.com,13834276764,1
E00375,潘小红,1,D_HR,副总,2022-05-18,\N,ACTIVE,e00375@simcf.com,13827804562,1
E00376,樊宁,1,D_HR,主管,2020-10-20,\N,ACTIVE,e00376@simcf.com,13873253358,1
E00377,邓凤英,2,D_HR,高级经理,2020-03-26,\N,ACTIVE,e00377@simcf.com,13879358990,1
E00378,张鹏,1,D_HR,高级专员,2021-04-28,\N,ACTIVE,e00378@simcf.com,13878766495,1
E00379,赵浩,1,D_HR,分析师,2021-07-16,\N,ACTIVE,e00379@simcf.com,13870090299,1
E00380,孙雪梅,1,D_HR,经理,2022-11-28,\N,ACTIVE,e00380@simcf.com,13875634330,1
E00381,符燕,2,D_HR,专员,2023-05-24,\N,ACTIVE,e00381@simcf.com,13884734058,1
E00382,王林,1,D_HR,总监,2020-12-21,\N,ACTIVE,e00382@simcf.com,13862144623,1
E00383,王小红,2,D_HR,总监,2025-04-01,\N,ACTIVE,e00383@simcf.com,13838439209,1
E00384,桑芳,1,D_HR,分析师,2024-05-15,\N,ACTIVE,e00384@simcf.com,13866224019,1
E00385,谢瑜,2,D_HR,主管,2022-08-19,\N,ACTIVE,e00385@simcf.com,13892882756,1
E00386,刘玉,2,D_HR,主管,2025-09-01,\N,ACTIVE,e00386@simcf.com,13814980850,1
E00387,何峰,1,D_HR,高级经理,2025-05-22,\N,ACTIVE,e00387@simcf.com,13825786561,1
E00388,罗桂兰,2,D_HR,高级经理,2024-10-08,\N,ACTIVE,e00388@simcf.com,13897312553,1
E00389,吴浩,1,D_HR,分析师,2021-09-03,\N,ACTIVE,e00389@simcf.com,13870899042,1
E00390,苏小红,2,D_HR,工程师,2024-07-04,\N,ACTIVE,e00390@simcf.com,13852500432,1
E00391,阎云,2,D_HR,专员,2020-12-07,\N,ACTIVE,e00391@simcf.com,13860409909,1
E00392,赵志强,1,D_HR,高级专员,2023-08-16,\N,ACTIVE,e00392@simcf.com,13865395543,1
E00393,王龙,1,D_HR,副总,2021-07-15,\N,ACTIVE,e00393@simcf.com,13869191708,1
E00394,王文,1,D_LEGAL,总监,2021-10-17,\N,ACTIVE,e00394@simcf.com,13898777195,1
E00395,李桂兰,1,D_LEGAL,分析师,2020-12-27,\N,ACTIVE,e00395@simcf.com,13804701747,1
E00396,朱霞,1,D_LEGAL,高级专员,2020-02-05,2023-02-25,RESIGNED,e00396@simcf.com,13852434272,1
E00397,王彬,1,D_LEGAL,副总,2023-10-10,\N,ACTIVE,e00397@simcf.com,13873660308,1
E00398,李琳,1,D_LEGAL,专员,2024-11-09,\N,ACTIVE,e00398@simcf.com,13851709513,1
E00399,周建国,1,D_LEGAL,工程师,2023-11-16,\N,ACTIVE,e00399@simcf.com,13835683683,1
E00400,柳凤兰,1,D_LEGAL,高级经理,2024-06-04,\N,ACTIVE,e00400@simcf.com,13863448858,1
E00401,王秀英,1,D_LEGAL,高级专员,2021-05-10,\N,ACTIVE,e00401@simcf.com,13879419172,1
E00402,李玉兰,1,D_LEGAL,高级经理,2020-04-05,\N,ACTIVE,e00402@simcf.com,13812352391,1
E00403,王彬,1,D_LEGAL,分析师,2025-02-23,\N,ACTIVE,e00403@simcf.com,13877308998,1
E00404,任宇,1,D_LEGAL,高级经理,2021-04-06,\N,ACTIVE,e00404@simcf.com,13887021975,1
E00405,张红,2,D_LEGAL,副总,2020-01-03,\N,ACTIVE,e00405@simcf.com,13873584790,1
E00406,阮坤,1,D_LEGAL,副总,2024-06-28,\N,ACTIVE,e00406@simcf.com,13803874088,1
E00407,蒋芳,1,D_LEGAL,专员,2024-07-17,\N,ACTIVE,e00407@simcf.com,13884779729,1
E00408,谭东,1,D_LEGAL,分析师,2024-04-07,\N,ACTIVE,e00408@simcf.com,13866727376,1
E00409,唐海燕,1,D_LEGAL,主管,2021-03-20,\N,ACTIVE,e00409@simcf.com,13880246774,1
E00410,游强,1,D_LEGAL,工程师,2023-03-22,\N,ACTIVE,e00410@simcf.com,13874405738,1
E00411,王超,1,D_LEGAL,高级经理,2021-10-12,\N,ACTIVE,e00411@simcf.com,13850495545,1
E00412,宁建,2,D_LEGAL,高级专员,2023-06-19,\N,ACTIVE,e00412@simcf.com,13851800309,1
E00413,赵玲,1,D_LEGAL,经理,2022-09-01,\N,ACTIVE,e00413@simcf.com,13884259127,1
E00414,满欢,2,D_LEGAL,专员,2025-06-26,\N,ACTIVE,e00414@simcf.com,13884777805,1
E00415,徐瑜,2,D_LEGAL,主管,2023-12-17,\N,ACTIVE,e00415@simcf.com,13804778921,1
E00416,原杰,1,D_LEGAL,主管,2023-01-28,\N,ACTIVE,e00416@simcf.com,13864983567,1
E00417,黎志强,2,D_LEGAL,工程师,2020-01-03,\N,ACTIVE,e00417@simcf.com,13801552561,1
E00418,张琳,2,D_LEGAL,副总,2022-02-03,\N,ACTIVE,e00418@simcf.com,13872499909,1
E00419,蒋鑫,1,D_LEGAL,工程师,2022-08-25,\N,ACTIVE,e00419@simcf.com,13854433078,1
E00420,应莉,1,D_LEGAL,高级经理,2023-08-12,2024-09-15,RESIGNED,e00420@simcf.com,13837100793,1
E00421,郭莹,1,D_LEGAL,专员,2022-08-06,\N,ACTIVE,e00421@simcf.com,13881649131,1
E00422,张丽华,2,D_LEGAL,专员,2021-01-24,\N,ACTIVE,e00422@simcf.com,13815420614,1
E00423,刘琴,1,D_LEGAL,副总,2023-06-18,\N,ACTIVE,e00423@simcf.com,13846898238,1
E00424,张凤英,2,D_LEGAL,主管,2024-09-02,\N,ACTIVE,e00424@simcf.com,13881969540,1
E00425,张燕,2,D_LEGAL,主管,2020-01-27,\N,ACTIVE,e00425@simcf.com,13869745205,1
E00426,高霞,2,D_LEGAL,高级经理,2021-05-22,\N,ACTIVE,e00426@simcf.com,13820663460,1
E00427,涂帅,1,D_LEGAL,高级专员,2023-08-27,\N,ACTIVE,e00427@simcf.com,13820337271,1
E00428,桂成,1,D_LEGAL,专员,2021-09-27,\N,ACTIVE,e00428@simcf.com,13872177369,1
E00429,张瑜,1,D_LEGAL,副总,2025-11-17,\N,ACTIVE,e00429@simcf.com,13882583147,1
E00430,杨萍,2,D_LEGAL,主管,2020-08-04,\N,ACTIVE,e00430@simcf.com,13887700228,1
E00431,张娜,2,D_LEGAL,工程师,2025-01-06,\N,ACTIVE,e00431@simcf.com,13879168727,1
E00432,莫雪,1,D_LEGAL,经理,2022-02-19,\N,ACTIVE,e00432@simcf.com,13839096480,1
E00433,李玉英,2,D_LEGAL,高级专员,2023-03-20,\N,ACTIVE,e00433@simcf.com,13898992991,1
E00434,马桂珍,1,D_LEGAL,高级专员,2021-09-24,\N,ACTIVE,e00434@simcf.com,13849016885,1
E00435,王亮,1,D_LEGAL,专员,2023-02-12,\N,ACTIVE,e00435@simcf.com,13884833168,1
E00436,戴建国,1,D_LEGAL,高级经理,2024-03-19,\N,ACTIVE,e00436@simcf.com,13863661154,1
E00437,应敏,2,D_CS,高级专员,2020-04-24,\N,ACTIVE,e00437@simcf.com,13851087314,1
E00438,范英,1,D_CS,主管,2025-01-13,\N,ACTIVE,e00438@simcf.com,13876117020,1
E00439,杨建平,1,D_CS,总监,2020-03-14,\N,ACTIVE,e00439@simcf.com,13810187732,1
E00440,许慧,1,D_CS,高级经理,2021-08-02,\N,ACTIVE,e00440@simcf.com,13852904760,1
E00441,周磊,2,D_CS,经理,2023-11-13,\N,ACTIVE,e00441@simcf.com,13835366293,1
E00442,杜辉,2,D_CS,工程师,2023-10-08,\N,ACTIVE,e00442@simcf.com,13830676266,1
E00443,王鑫,1,D_CS,总监,2022-10-14,\N,ACTIVE,e00443@simcf.com,13878452001,1
E00444,张颖,1,D_CS,总监,2025-06-09,\N,ACTIVE,e00444@simcf.com,13884126768,1
E00445,熊东,1,D_CS,专员,2023-02-08,\N,ACTIVE,e00445@simcf.com,13804356502,1
E00446,朱辉,2,D_CS,副总,2020-05-01,\N,ACTIVE,e00446@simcf.com,13883399927,1
E00447,曹云,1,D_CS,分析师,2025-02-18,\N,ACTIVE,e00447@simcf.com,13825319436,1
E00448,李建军,1,D_CS,高级经理,2025-09-06,\N,ACTIVE,e00448@simcf.com,13854416355,1
E00449,吴楠,1,D_CS,工程师,2025-12-21,\N,ACTIVE,e00449@simcf.com,13884741038,1
E00450,范荣,1,D_CS,工程师,2025-10-21,\N,ACTIVE,e00450@simcf.com,13841269732,1
E00451,石瑜,1,D_CS,高级经理,2023-05-09,\N,ACTIVE,e00451@simcf.com,13822680898,1
E00452,周佳,1,D_CS,高级专员,2024-08-19,\N,ACTIVE,e00452@simcf.com,13861498900,1
E00453,张娟,2,D_CS,高级经理,2021-11-23,\N,ACTIVE,e00453@simcf.com,13887999842,1
E00454,王桂珍,2,D_CS,副总,2022-12-12,\N,ACTIVE,e00454@simcf.com,13890733965,1
E00455,宋利,1,D_CS,分析师,2020-04-16,\N,ACTIVE,e00455@simcf.com,13809650467,1
E00456,郝波,2,D_CS,高级经理,2024-07-07,\N,ACTIVE,e00456@simcf.com,13803900560,1
E00457,黄东,1,D_CS,总监,2023-08-25,\N,ACTIVE,e00457@simcf.com,13841551188,1
E00458,王欣,1,D_CS,专员,2021-03-07,\N,ACTIVE,e00458@simcf.com,13868447861,1
E00459,雷东,2,D_CS,总监,2024-01-13,\N,ACTIVE,e00459@simcf.com,13836108996,1
E00460,王瑜,1,D_CS,主管,2025-12-04,\N,ACTIVE,e00460@simcf.com,13801169772,1
E00461,朱梅,1,D_CS,经理,2021-07-20,\N,ACTIVE,e00461@simcf.com,13810409037,1
E00462,汪芳,1,D_CS,高级经理,2025-03-03,\N,ACTIVE,e00462@simcf.com,13807232430,1
E00463,李春梅,1,D_CS,专员,2021-11-10,\N,ACTIVE,e00463@simcf.com,13839969822,1
E00464,秦莉,1,B_BJ,经理,2022-03-15,\N,ACTIVE,e00464@simcf.com,13825453739,1
E00465,马凤英,2,B_BJ,分析师,2022-04-01,\N,ACTIVE,e00465@simcf.com,13800988015,1
E00466,张龙,2,B_BJ,工程师,2022-03-21,\N,ACTIVE,e00466@simcf.com,13876042701,1
E00467,陆玉,2,B_BJ,工程师,2025-05-27,\N,ACTIVE,e00467@simcf.com,13864274901,1
E00468,石丹,1,B_BJ,工程师,2022-02-20,\N,ACTIVE,e00468@simcf.com,13822349561,1
E00469,张华,1,B_BJ,经理,2022-03-25,\N,ACTIVE,e00469@simcf.com,13865083319,1
E00470,王荣,1,B_BJ,专员,2024-10-09,\N,ACTIVE,e00470@simcf.com,13809267417,1
E00471,文建华,2,B_BJ,副总,2023-05-17,\N,ACTIVE,e00471@simcf.com,13845863763,1
E00472,陈建国,2,B_BJ,高级专员,2024-04-14,\N,ACTIVE,e00472@simcf.com,13812604603,1
E00473,梁杨,1,B_BJ,专员,2023-04-09,\N,ACTIVE,e00473@simcf.com,13851661877,1
E00474,江成,1,B_BJ,工程师,2021-01-11,\N,ACTIVE,e00474@simcf.com,13872874995,1
E00475,谭丽,1,B_BJ,分析师,2020-12-24,\N,ACTIVE,e00475@simcf.com,13837817753,1
E00476,郭凯,1,B_BJ,主管,2022-07-15,\N,ACTIVE,e00476@simcf.com,13840104526,1
E00477,韩淑英,1,B_BJ,高级经理,2025-05-07,\N,ACTIVE,e00477@simcf.com,13817721656,1
E00478,张霞,1,B_BJ,高级专员,2023-04-19,\N,ACTIVE,e00478@simcf.com,13807506183,1
E00479,王凤兰,2,B_BJ,专员,2023-06-06,\N,ACTIVE,e00479@simcf.com,13888835258,1
E00480,陈秀芳,1,B_SH,高级专员,2023-10-09,\N,ACTIVE,e00480@simcf.com,13866844907,1
E00481,裴霞,1,B_SH,专员,2025-05-28,\N,ACTIVE,e00481@simcf.com,13807372708,1
E00482,徐雪梅,1,B_SH,经理,2025-04-28,\N,ACTIVE,e00482@simcf.com,13844685324,1
E00483,吴杨,1,B_SH,经理,2020-03-15,\N,ACTIVE,e00483@simcf.com,13845022711,1
E00484,霍霞,2,B_SH,分析师,2021-03-18,2022-08-04,RESIGNED,e00484@simcf.com,13859185820,1
E00485,吴伟,1,B_SH,经理,2021-02-23,\N,ACTIVE,e00485@simcf.com,13862417212,1
E00486,佟敏,1,B_SH,专员,2023-12-13,\N,ACTIVE,e00486@simcf.com,13811075541,1
E00487,江海燕,1,B_SH,专员,2025-01-06,\N,ACTIVE,e00487@simcf.com,13813557763,1
E00488,练博,2,B_SH,副总,2025-06-26,\N,ACTIVE,e00488@simcf.com,13895418666,1
E00489,熊刚,1,B_SH,分析师,2025-11-16,\N,ACTIVE,e00489@simcf.com,13877314100,1
E00490,陈丽华,1,B_SH,总监,2025-07-26,\N,ACTIVE,e00490@simcf.com,13835623052,1
E00491,司海燕,1,B_SH,专员,2022-11-06,2024-02-29,RESIGNED,e00491@simcf.com,13830219743,1
E00492,陈浩,1,B_SH,专员,2025-10-09,\N,ACTIVE,e00492@simcf.com,13820997793,1
E00493,郑慧,2,B_SH,工程师,2024-02-16,\N,ACTIVE,e00493@simcf.com,13815354630,1
E00494,黄洋,2,B_SH,专员,2020-08-21,\N,ACTIVE,e00494@simcf.com,13893620592,1
E00495,王红霞,1,B_SH,高级专员,2025-05-21,\N,ACTIVE,e00495@simcf.com,13878312028,1
E00496,万宇,2,B_SH,分析师,2020-07-05,\N,ACTIVE,e00496@simcf.com,13848988275,1
E00497,田刚,1,B_SH,专员,2021-02-20,\N,ACTIVE,e00497@simcf.com,13894807289,1
E00498,刘林,2,B_SH,分析师,2025-08-27,\N,ACTIVE,e00498@simcf.com,13830498410,1
E00499,胡志强,1,B_SH,经理,2020-04-25,\N,ACTIVE,e00499@simcf.com,13838593302,1
E00500,杨玉华,1,B_SH,主管,2020-11-23,2023-04-07,RESIGNED,e00500@simcf.com,13840450276,1
E00501,廖玉兰,1,B_SH,副总,2025-01-11,\N,ACTIVE,e00501@simcf.com,13820760121,1
E00502,王娜,1,B_SH,工程师,2025-05-04,\N,ACTIVE,e00502@simcf.com,13809255710,1
E00503,李飞,1,B_SH,经理,2020-06-06,\N,ACTIVE,e00503@simcf.com,13838590309,1
E00504,韦俊,1,B_SH,高级专员,2020-11-18,\N,ACTIVE,e00504@simcf.com,13869045795,1
E00505,李晶,1,B_SH,高级专员,2023-07-03,\N,ACTIVE,e00505@simcf.com,13825287386,1
E00506,高桂香,2,B_SH,总监,2025-01-27,\N,ACTIVE,e00506@simcf.com,13806559182,1
E00507,陈凤英,1,B_SH,主管,2022-05-01,\N,ACTIVE,e00507@simcf.com,13888985339,1
E00508,沈旭,2,B_SH,专员,2025-02-23,\N,ACTIVE,e00508@simcf.com,13895888935,1
E00509,张鑫,2,B_SH,主管,2022-03-20,\N,ACTIVE,e00509@simcf.com,13882361575,1
E00510,任平,1,B_SH,主管,2025-03-21,\N,ACTIVE,e00510@simcf.com,13898190684,1
E00511,秦东,1,B_SH,高级经理,2021-01-15,\N,ACTIVE,e00511@simcf.com,13832661111,1
E00512,洪倩,2,B_SH,副总,2023-07-12,\N,ACTIVE,e00512@simcf.com,13814341527,1
E00513,朱瑜,1,B_SH,专员,2020-08-06,\N,ACTIVE,e00513@simcf.com,13811517607,1
E00514,赵婷,1,B_SH,高级经理,2024-03-26,\N,ACTIVE,e00514@simcf.com,13840405603,1
E00515,王芳,2,B_SH,高级专员,2022-05-18,\N,ACTIVE,e00515@simcf.com,13887988152,1
E00516,许秀云,1,B_SH,高级经理,2024-12-04,\N,ACTIVE,e00516@simcf.com,13868692185,1
E00517,张小红,1,B_SH,经理,2020-02-17,\N,ACTIVE,e00517@simcf.com,13811988945,1
E00518,马宇,1,B_SH,高级经理,2022-07-15,\N,ACTIVE,e00518@simcf.com,13891733223,1
E00519,张小红,1,B_SH,副总,2024-10-05,\N,ACTIVE,e00519@simcf.com,13859183226,1
E00520,颜飞,1,B_SH,副总,2021-11-10,\N,ACTIVE,e00520@simcf.com,13871968290,1
E00521,吴婷婷,1,B_SH,副总,2022-07-27,\N,ACTIVE,e00521@simcf.com,13881174165,1
E00522,岳建平,1,B_SH,总监,2020-07-05,\N,ACTIVE,e00522@simcf.com,13884788609,1
E00523,谢超,1,B_SH,副总,2025-09-23,\N,ACTIVE,e00523@simcf.com,13883349427,1
E00524,欧燕,1,B_SH,专员,2022-08-02,\N,ACTIVE,e00524@simcf.com,13899758204,1
E00525,凌玉华,1,B_SH,专员,2022-09-20,\N,ACTIVE,e00525@simcf.com,13835515570,1
E00526,周淑兰,2,B_SH,主管,2022-10-08,\N,ACTIVE,e00526@simcf.com,13855108314,1
E00527,蓝健,1,B_SH,分析师,2024-02-12,\N,ACTIVE,e00527@simcf.com,13823697271,1
E00528,陈健,2,B_SH,分析师,2022-04-01,\N,ACTIVE,e00528@simcf.com,13866966731,1
E00529,贾瑞,1,B_SH,主管,2020-03-16,\N,ACTIVE,e00529@simcf.com,13878614517,1
E00530,张慧,1,B_SH,副总,2020-06-17,\N,ACTIVE,e00530@simcf.com,13864754622,1
E00531,柴丹丹,1,B_SH,高级专员,2020-09-19,\N,ACTIVE,e00531@simcf.com,13839594380,1
E00532,李建国,1,B_SH,高级专员,2025-07-12,\N,ACTIVE,e00532@simcf.com,13815778776,1
E00533,庄东,2,B_SH,总监,2025-08-09,\N,ACTIVE,e00533@simcf.com,13832583228,1
E00534,张彬,2,B_SH,总监,2024-12-01,\N,ACTIVE,e00534@simcf.com,13810376481,1
E00535,武瑜,2,B_SZ,分析师,2023-12-01,\N,ACTIVE,e00535@simcf.com,13833910149,1
E00536,张璐,2,B_SZ,主管,2023-02-22,\N,ACTIVE,e00536@simcf.com,13862731389,1
E00537,阴飞,1,B_SZ,经理,2023-12-07,\N,ACTIVE,e00537@simcf.com,13878748034,1
E00538,朱斌,1,B_SZ,主管,2021-11-01,\N,ACTIVE,e00538@simcf.com,13886194309,1
E00539,邢凯,2,B_SZ,经理,2023-03-10,\N,ACTIVE,e00539@simcf.com,13803906337,1
E00540,翁丽娟,2,B_SZ,主管,2021-07-15,\N,ACTIVE,e00540@simcf.com,13897515679,1
E00541,邵平,1,B_SZ,经理,2025-02-25,\N,ACTIVE,e00541@simcf.com,13834279950,1
E00542,石帆,2,B_SZ,专员,2021-07-05,\N,ACTIVE,e00542@simcf.com,13863055603,1
E00543,黄辉,1,B_SZ,高级专员,2024-11-11,\N,ACTIVE,e00543@simcf.com,13893363851,1
E00544,夏阳,1,B_SZ,高级专员,2024-04-02,\N,ACTIVE,e00544@simcf.com,13890144282,1
E00545,李佳,1,B_SZ,副总,2025-03-09,\N,ACTIVE,e00545@simcf.com,13812452320,1
E00546,郭玉英,1,B_SZ,经理,2020-07-22,\N,ACTIVE,e00546@simcf.com,13886887461,1
E00547,熊萍,1,B_SZ,专员,2024-04-12,\N,ACTIVE,e00547@simcf.com,13843594329,1
E00548,黄佳,1,B_SZ,总监,2022-11-05,\N,ACTIVE,e00548@simcf.com,13842341709,1
E00549,钟红霞,1,B_SZ,总监,2021-02-15,\N,ACTIVE,e00549@simcf.com,13823471161,1
E00550,彭莹,1,B_SZ,工程师,2025-10-09,\N,ACTIVE,e00550@simcf.com,13833713337,1
E00551,杨丽娟,2,B_SZ,工程师,2024-12-23,\N,ACTIVE,e00551@simcf.com,13891235211,1
E00552,陈建华,2,B_SZ,工程师,2025-01-05,\N,ACTIVE,e00552@simcf.com,13829329168,1
E00553,尹龙,2,B_SZ,主管,2022-08-03,\N,ACTIVE,e00553@simcf.com,13846594679,1
E00554,何雪梅,2,B_SZ,高级专员,2025-08-28,\N,ACTIVE,e00554@simcf.com,13818662953,1
E00555,潘欢,1,B_SZ,经理,2023-06-26,\N,ACTIVE,e00555@simcf.com,13884234959,1
E00556,张丽丽,2,B_SZ,副总,2022-03-18,\N,ACTIVE,e00556@simcf.com,13822236746,1
E00557,朱丽娟,1,B_SZ,副总,2020-12-26,\N,ACTIVE,e00557@simcf.com,13805637020,1
E00558,李娜,1,B_SZ,分析师,2023-11-15,\N,ACTIVE,e00558@simcf.com,13860490324,1
E00559,王凯,2,B_SZ,主管,2022-04-16,2025-03-06,RESIGNED,e00559@simcf.com,13857157674,1
E00560,倪文,2,B_SZ,主管,2024-06-04,\N,ACTIVE,e00560@simcf.com,13852784294,1
E00561,徐畅,2,B_SZ,高级专员,2024-01-18,\N,ACTIVE,e00561@simcf.com,13823523673,1
E00562,戈金凤,1,B_SZ,经理,2023-11-28,\N,ACTIVE,e00562@simcf.com,13882052271,1
E00563,郭磊,2,B_SZ,高级经理,2020-04-03,2021-09-15,RESIGNED,e00563@simcf.com,13811050138,1
E00564,柯秀梅,2,B_SZ,副总,2021-02-19,\N,ACTIVE,e00564@simcf.com,13807219267,1
E00565,马玉梅,2,B_SZ,副总,2020-07-01,\N,ACTIVE,e00565@simcf.com,13871108022,1
E00566,张丽娟,1,B_SZ,高级专员,2020-02-03,\N,ACTIVE,e00566@simcf.com,13831730623,1
E00567,张桂芝,1,B_SZ,高级专员,2023-09-24,\N,ACTIVE,e00567@simcf.com,13869852158,1
E00568,李玉华,1,B_SZ,总监,2024-02-14,\N,ACTIVE,e00568@simcf.com,13822434843,1
E00569,谢丽丽,1,B_SZ,工程师,2023-06-16,\N,ACTIVE,e00569@simcf.com,13881750531,1
E00570,申淑华,1,B_SZ,副总,2023-08-02,\N,ACTIVE,e00570@simcf.com,13885284570,1
E00571,陈兵,1,B_SZ,专员,2023-01-23,\N,ACTIVE,e00571@simcf.com,13898981818,1
E00572,钟娜,2,B_SZ,经理,2024-04-13,\N,ACTIVE,e00572@simcf.com,13887646420,1
E00573,黄帅,1,B_SZ,分析师,2021-01-09,\N,ACTIVE,e00573@simcf.com,13854159009,1
E00574,李艳,1,B_WH,分析师,2024-01-10,\N,ACTIVE,e00574@simcf.com,13870968122,1
E00575,唐玉,1,B_WH,经理,2024-07-06,\N,ACTIVE,e00575@simcf.com,13893604946,1
E00576,张秀兰,2,B_WH,分析师,2025-02-22,\N,ACTIVE,e00576@simcf.com,13841903624,1
E00577,杨建国,1,B_WH,经理,2024-07-27,\N,ACTIVE,e00577@simcf.com,13841449255,1
E00578,杨丽华,1,B_WH,主管,2020-02-12,\N,ACTIVE,e00578@simcf.com,13851048735,1
E00579,张秀英,2,B_WH,主管,2023-09-09,\N,ACTIVE,e00579@simcf.com,13864688809,1
E00580,王艳,2,B_WH,副总,2022-01-03,\N,ACTIVE,e00580@simcf.com,13859669154,1
E00581,连玲,1,B_WH,经理,2025-10-18,\N,ACTIVE,e00581@simcf.com,13845746829,1
E00582,王玉华,1,B_WH,高级经理,2021-03-01,\N,ACTIVE,e00582@simcf.com,13822737576,1
E00583,杨冬梅,2,B_WH,副总,2022-10-28,\N,ACTIVE,e00583@simcf.com,13820913169,1
E00584,吴秀英,2,B_WH,主管,2020-06-18,\N,ACTIVE,e00584@simcf.com,13884509751,1
E00585,刘艳,2,B_WH,专员,2022-03-22,\N,ACTIVE,e00585@simcf.com,13862114246,1
E00586,刘东,2,B_WH,高级专员,2025-08-17,\N,ACTIVE,e00586@simcf.com,13883427454,1
E00587,孙雪,1,B_WH,工程师,2022-12-23,\N,ACTIVE,e00587@simcf.com,13800169430,1
E00588,杨婷,1,B_WH,经理,2024-02-02,\N,ACTIVE,e00588@simcf.com,13882137867,1
E00589,高静,1,B_WH,高级专员,2025-12-14,\N,ACTIVE,e00589@simcf.com,13858360235,1
E00590,王海燕,2,B_WH,分析师,2020-12-02,\N,ACTIVE,e00590@simcf.com,13829529329,1
E00591,赵宁,1,B_WH,高级经理,2020-06-07,\N,ACTIVE,e00591@simcf.com,13825094259,1
E00592,周龙,1,B_WH,总监,2022-09-20,\N,ACTIVE,e00592@simcf.com,13825384862,1
E00593,尚晶,1,B_WH,总监,2021-03-24,\N,ACTIVE,e00593@simcf.com,13801348039,1
E00594,张金凤,1,B_WH,副总,2023-04-19,\N,ACTIVE,e00594@simcf.com,13813870324,1
E00595,陈波,2,B_WH,分析师,2022-12-14,\N,ACTIVE,e00595@simcf.com,13858740669,1
E00596,贺雪梅,2,B_WH,总监,2024-12-27,\N,ACTIVE,e00596@simcf.com,13822920312,1
E00597,沈云,1,B_WH,经理,2025-12-20,\N,ACTIVE,e00597@simcf.com,13872107945,1
E00598,郑成,1,B_WH,专员,2024-12-12,\N,ACTIVE,e00598@simcf.com,13814725610,1
E00599,石建平,1,B_WH,工程师,2024-07-09,\N,ACTIVE,e00599@simcf.com,13840929111,1
E00600,宋秀荣,1,B_WH,副总,2025-10-24,\N,ACTIVE,e00600@simcf.com,13810079733,1
E00601,陈婷,1,B_WH,专员,2021-08-06,\N,ACTIVE,e00601@simcf.com,13819392952,1
E00602,唐海燕,1,B_WH,经理,2020-07-12,\N,ACTIVE,e00602@simcf.com,13809659063,1
E00603,易东,2,B_WH,高级专员,2020-01-19,\N,ACTIVE,e00603@simcf.com,13821596828,1
E00604,汤英,2,B_WH,高级经理,2025-10-26,\N,ACTIVE,e00604@simcf.com,13802801933,1
E00605,赵倩,2,B_WH,经理,2021-10-01,\N,ACTIVE,e00605@simcf.com,13845197051,1
E00606,王峰,1,B_WH,高级专员,2023-08-18,\N,ACTIVE,e00606@simcf.com,13899556610,1
E00607,刘丽,2,B_WH,专员,2023-11-26,\N,ACTIVE,e00607@simcf.com,13816634724,1
E00608,程桂英,1,B_WH,专员,2021-06-05,\N,ACTIVE,e00608@simcf.com,13892231195,1
E00609,程鹏,2,B_WH,副总,2024-09-03,\N,ACTIVE,e00609@simcf.com,13806851306,1
E00610,喻畅,2,B_CD,主管,2022-03-26,\N,ACTIVE,e00610@simcf.com,13837337251,1
E00611,李娜,2,B_CD,分析师,2023-04-03,\N,ACTIVE,e00611@simcf.com,13883548090,1
E00612,陈楠,1,B_CD,主管,2021-04-15,\N,ACTIVE,e00612@simcf.com,13895330832,1
E00613,吕帅,1,B_CD,副总,2022-11-12,\N,ACTIVE,e00613@simcf.com,13835577085,1
E00614,孙斌,1,B_CD,经理,2023-03-28,\N,ACTIVE,e00614@simcf.com,13826362377,1
E00615,冯莹,1,B_CD,工程师,2021-09-25,\N,ACTIVE,e00615@simcf.com,13823498564,1
E00616,张冬梅,1,B_CD,专员,2022-01-20,\N,ACTIVE,e00616@simcf.com,13880453900,1
E00617,陈健,1,B_CD,总监,2021-08-08,\N,ACTIVE,e00617@simcf.com,13879698960,1
E00618,邓玲,2,B_CD,分析师,2025-09-21,\N,ACTIVE,e00618@simcf.com,13854231317,1
E00619,任博,1,B_CD,主管,2024-02-23,\N,ACTIVE,e00619@simcf.com,13848298666,1
E00620,姜杨,1,B_CD,分析师,2023-06-13,\N,ACTIVE,e00620@simcf.com,13887167529,1
E00621,任艳,2,B_CD,主管,2023-03-13,\N,ACTIVE,e00621@simcf.com,13847216267,1
E00622,王倩,1,B_CD,工程师,2020-11-18,\N,ACTIVE,e00622@simcf.com,13836233392,1
E00623,刘小红,2,B_CD,分析师,2025-05-23,\N,ACTIVE,e00623@simcf.com,13887881804,1
E00624,赵萍,1,B_CD,高级经理,2023-11-12,\N,ACTIVE,e00624@simcf.com,13850096631,1
E00625,张淑英,2,B_CD,总监,2023-03-24,\N,ACTIVE,e00625@simcf.com,13835039828,1
E00626,王伟,1,B_SY,经理,2022-01-08,\N,ACTIVE,e00626@simcf.com,13822652931,1
E00627,曹华,1,B_SY,高级经理,2025-08-06,\N,ACTIVE,e00627@simcf.com,13875066364,1
E00628,张瑞,1,B_SY,工程师,2024-02-14,\N,ACTIVE,e00628@simcf.com,13844704365,1
E00629,曹秀兰,1,B_SY,经理,2023-12-20,\N,ACTIVE,e00629@simcf.com,13819755021,1
E00630,赵欣,2,B_SY,工程师,2023-06-15,\N,ACTIVE,e00630@simcf.com,13815429085,1
E00631,陈飞,1,B_SY,主管,2021-01-28,\N,ACTIVE,e00631@simcf.com,13845234837,1
E00632,李丽华,2,B_SY,分析师,2022-09-15,\N,ACTIVE,e00632@simcf.com,13879007038,1
E00633,孙斌,1,B_SY,总监,2022-05-01,\N,ACTIVE,e00633@simcf.com,13898685832,1
E00634,黄敏,1,B_SY,工程师,2025-01-19,\N,ACTIVE,e00634@simcf.com,13845760226,1
E00635,刘军,1,B_SY,副总,2023-10-01,\N,ACTIVE,e00635@simcf.com,13865580642,1
E00636,周波,1,B_SY,主管,2023-01-08,\N,ACTIVE,e00636@simcf.com,13854334868,1
E00637,秦强,1,B_SY,主管,2025-03-18,\N,ACTIVE,e00637@simcf.com,13862659389,1
E00638,沈兰英,1,B_SY,分析师,2023-08-23,\N,ACTIVE,e00638@simcf.com,13825793039,1
E00639,梁云,1,B_SY,经理,2021-05-07,\N,ACTIVE,e00639@simcf.com,13809263539,1
E00640,张利,1,B_SY,副总,2022-02-19,\N,ACTIVE,e00640@simcf.com,13862662371,1
E00641,曾瑞,1,B_SY,总监,2025-11-24,\N,ACTIVE,e00641@simcf.com,13860813185,1
E00642,唐瑞,1,B_SY,分析师,2022-10-05,\N,ACTIVE,e00642@simcf.com,13805462607,1
E00643,钱飞,2,B_SY,专员,2021-10-14,\N,ACTIVE,e00643@simcf.com,13853753275,1
E00644,张桂芳,1,B_SY,主管,2025-03-05,\N,ACTIVE,e00644@simcf.com,13832132126,1
E00645,杨红,2,B_SY,高级经理,2024-07-05,\N,ACTIVE,e00645@simcf.com,13890303346,1
E00646,杨玉英,2,B_SY,副总,2024-06-23,\N,ACTIVE,e00646@simcf.com,13839311411,1
E00647,程荣,1,B_SY,高级专员,2025-11-21,\N,ACTIVE,e00647@simcf.com,13857732678,1
E00648,丁鑫,2,B_SY,高级专员,2025-07-06,\N,ACTIVE,e00648@simcf.com,13861190599,1
E00649,杨云,1,B_SY,经理,2021-06-22,\N,ACTIVE,e00649@simcf.com,13893828791,1
E00650,廖婷,2,B_SY,总监,2024-11-09,\N,ACTIVE,e00650@simcf.com,13867435424,1
E00651,邹东,2,B_SY,主管,2023-07-02,\N,ACTIVE,e00651@simcf.com,13882097241,1
E00652,马飞,1,B_SY,专员,2021-01-12,\N,ACTIVE,e00652@simcf.com,13818040944,1
