case_id,action_type,action_time,talk_result,remark,is_test_data
1,LETTER,2025-03-19 11:20:00,\N,密码时候程序知道一样任何时间只要.,1
1,SMS,2025-03-24 20:48:00,\N,不断情况她的其实一些这种.,1
1,CALL,2025-03-28 09:26:00,NO_ANSWER,国家成功他的正在.,1
2,LETTER,2025-03-26 10:19:00,\N,您的之间一下管理一次她的.,1
2,CALL,2025-03-30 18:58:00,PROMISE,免费只要文化名称也是人员工具.,1
2,LETTER,2025-04-03 18:16:00,\N,操作登录一直他的为什大小一样.,1
2,CALL,2025-04-06 16:51:00,PROMISE,工程觉得新闻以及.,1
2,CALL,2025-04-09 14:42:00,PICK_UP,地方拥有留言教育我的很多.,1
2,CALL,2025-04-11 13:09:00,REFUSE,专业进入这是工作通过.,1
2,CALL,2025-04-16 14:15:00,PICK_UP,决定资料基本上海由于.,1
3,CALL,2025-03-22 20:39:00,PICK_UP,任何实现通过内容注册应该.,1
3,SMS,2025-03-27 19:05:00,\N,提供推荐为什进入提供注意基本.,1
3,CALL,2025-03-29 12:14:00,PICK_UP,地区经营进行城市成功.,1
3,VISIT,2025-04-02 19:56:00,\N,信息只是大小相关她的.,1
3,CALL,2025-04-05 10:26:00,REFUSE,拥有可能语言服务或者.,1
3,SMS,2025-04-09 14:57:00,\N,上海中心之间技术.,1
3,SMS,2025-04-10 15:24:00,\N,分析过程加入决定活动人员销售.,1
3,CALL,2025-04-12 17:11:00,REFUSE,表示一起我们精华就是电子.,1
3,CALL,2025-04-13 15:59:00,NO_ANSWER,知道那么学生或者商品正在.,1
3,CALL,2025-04-14 12:24:00,PROMISE,一定广告谢谢来自拥有.,1
3,SMS,2025-04-17 15:33:00,\N,男人电脑社会要求北京朋友当前地方.,1
4,LETTER,2025-06-15 10:36:00,\N,生活语言虽然经验评论次数.,1
4,CALL,2025-06-20 14:50:00,PROMISE,服务介绍能力会员要求.,1
4,SMS,2025-06-22 10:10:00,\N,增加图片进行.,1
4,SMS,2025-06-23 19:55:00,\N,以及得到那么所有进行加入公司销售.,1
4,CALL,2025-06-27 12:24:00,PICK_UP,最新我们作品最大社区.,1
4,SMS,2025-06-29 18:08:00,\N,应用世界只有一切.,1
5,SMS,2025-05-27 10:10:00,\N,时间威望电影资料.,1
5,SMS,2025-06-01 15:36:00,\N,喜欢一起程序如何两个.,1
5,SMS,2025-06-05 19:26:00,\N,很多以及作者上海我们合作.,1
6,LETTER,2025-06-15 16:08:00,\N,出来您的帮助.,1
6,LETTER,2025-06-18 13:11:00,\N,业务显示国际管理那个.,1
6,CALL,2025-06-21 20:51:00,NO_ANSWER,怎么质量注意作者积分经营经济.,1
7,CALL,2025-05-20 19:24:00,PROMISE,问题工作一些所有.,1
7,CALL,2025-05-22 18:07:00,NO_ANSWER,提供中心可能留言.,1
7,CALL,2025-05-27 13:15:00,PICK_UP,社会选择必须具有地方.,1
7,VISIT,2025-05-30 17:23:00,\N,全国之后这里需要科技所以出现留言.,1
8,CALL,2025-05-31 19:30:00,NO_ANSWER,您的你们美国开发系列.,1
8,CALL,2025-06-01 10:20:00,REFUSE,也是还是部门最大显示建设东西.,1
8,CALL,2025-06-04 19:48:00,REFUSE,软件起来觉得男人以及是一.,1
8,CALL,2025-06-05 15:38:00,PROMISE,不要语言帖子经济还是一直.,1
8,CALL,2025-06-10 14:12:00,REFUSE,根据以下推荐详细.,1
8,CALL,2025-06-14 15:04:00,REFUSE,国际分析语言更新.,1
8,SMS,2025-06-16 10:21:00,\N,如何觉得进入.,1
9,VISIT,2025-05-06 16:28:00,\N,其他可以方法.,1
9,LETTER,2025-05-08 12:13:00,\N,点击规定控制技术中心然后但是到了.,1
9,LETTER,2025-05-12 17:20:00,\N,准备只是不断因为这些浏览.,1
9,CALL,2025-05-15 17:40:00,NO_ANSWER,部分直接感觉空间没有这里.,1
9,CALL,2025-05-17 10:35:00,PROMISE,浏览经济研究原因产品联系中国.,1
9,SMS,2025-05-22 12:43:00,\N,以后报告销售美国点击影响不断.,1
10,VISIT,2025-04-24 12:03:00,\N,认为服务主题实现目前网上文章.,1
10,SMS,2025-04-28 16:32:00,\N,在线时候因此地区科技以上.,1
10,LETTER,2025-05-02 09:51:00,\N,类型回复准备帮助.,1
11,CALL,2025-06-10 14:47:00,REFUSE,免费专业密码任何简介今年浏览这种.,1
11,CALL,2025-06-14 18:11:00,PICK_UP,有关东西关系方面设备合作完全.,1
11,CALL,2025-06-15 14:22:00,NO_ANSWER,积分由于一直女人不能不过应该.,1
11,CALL,2025-06-20 19:29:00,PICK_UP,首页加入由于社区您的国家搜索.,1
12,SMS,2025-05-21 20:58:00,\N,都是不能成为学生一下基本电脑发表.,1
12,LETTER,2025-05-25 20:19:00,\N,市场系统男人.,1
12,CALL,2025-05-27 09:13:00,PICK_UP,更新重要一个大学一起可能.,1
12,CALL,2025-05-30 20:14:00,NO_ANSWER,还是正在程序地址网络那个.,1
12,CALL,2025-06-01 19:03:00,PICK_UP,她的音乐游戏威望需要商品.,1
12,SMS,2025-06-05 16:38:00,\N,系统开发数据包括.,1
12,LETTER,2025-06-09 09:13:00,\N,数据一般科技一直比较那些一切.,1
12,CALL,2025-06-12 17:05:00,PICK_UP,上海方面标题男人电影相关.,1
12,CALL,2025-06-14 18:09:00,PROMISE,大小项目功能不过管理能力.,1
12,CALL,2025-06-19 14:11:00,NO_ANSWER,大家应用全国说明包括也是.,1
12,CALL,2025-06-22 09:01:00,NO_ANSWER,进入不断用户全部产品事情更新.,1
12,CALL,2025-06-25 10:34:00,REFUSE,全部最新以及软件合作还有更多.,1
13,CALL,2025-04-14 18:03:00,PROMISE,经营网站电脑学习.,1
13,CALL,2025-04-19 20:37:00,REFUSE,人员朋友什么显示专业资料最大.,1
13,CALL,2025-04-20 20:21:00,NO_ANSWER,表示来源文化经济.,1
13,CALL,2025-04-25 19:33:00,PICK_UP,一个组织开始投资出来.,1
13,CALL,2025-04-27 10:08:00,NO_ANSWER,各种北京部门发现提高基本.,1
13,CALL,2025-04-30 10:05:00,PICK_UP,男人企业这个作者文章.,1
13,SMS,2025-05-04 09:47:00,\N,作品也是日期出现实现.,1
13,CALL,2025-05-09 10:19:00,PICK_UP,商品一种这么有些服务工具所有.,1
13,CALL,2025-05-14 19:38:00,PROMISE,我的会员无法数据用户建设公司.,1
13,SMS,2025-05-15 18:42:00,\N,首页生活只有质量时候.,1
13,CALL,2025-05-18 12:45:00,NO_ANSWER,专业作为也是一直.,1
13,CALL,2025-05-22 09:46:00,PROMISE,原因类别成功他的.,1
14,CALL,2025-06-23 20:22:00,PROMISE,发展不能主要因此方式不同一点发现.,1
14,SMS,2025-06-26 12:54:00,\N,我的更多完成管理经济成为查看.,1
14,CALL,2025-06-28 09:59:00,REFUSE,城市基本注意规定投资.,1
15,CALL,2025-06-04 13:43:00,REFUSE,积分等级设备工具.,1
15,CALL,2025-06-07 17:14:00,PROMISE,状态谢谢完成社区只是.,1
15,CALL,2025-06-11 15:08:00,NO_ANSWER,更新网络希望位置地区一个地方时间.,1
15,CALL,2025-06-12 18:36:00,REFUSE,设计也是根据发生以上公司历史个人.,1
15,CALL,2025-06-15 10:57:00,REFUSE,支持经营类型他的国内显示还有男人.,1
15,SMS,2025-06-16 14:42:00,\N,东西所以一次作品完全非常没有.,1
15,CALL,2025-06-18 13:14:00,PROMISE,情况浏览更多加入我们.,1
15,SMS,2025-06-19 17:01:00,\N,一些文化查看也是.,1
15,CALL,2025-06-21 19:10:00,REFUSE,原因全部经营次数还是时间设计因此.,1
15,CALL,2025-06-22 19:52:00,REFUSE,客户文章操作历史信息他的.,1
15,LETTER,2025-06-24 09:23:00,\N,在线科技这些我的.,1
15,CALL,2025-06-29 14:09:00,PROMISE,一个其实责任标题汽车工具.,1
16,LETTER,2025-04-13 19:03:00,\N,表示在线当然状态商品下载.,1
16,CALL,2025-04-17 11:36:00,PICK_UP,数据原因可能应该详细.,1
16,CALL,2025-04-19 10:22:00,NO_ANSWER,你的数据一些发表发表单位详细.,1
16,CALL,2025-04-22 10:45:00,NO_ANSWER,完成来自只要部分首页.,1
16,CALL,2025-04-25 19:24:00,PICK_UP,国内孩子一些标题关于显示功能今天.,1
16,CALL,2025-04-29 11:15:00,REFUSE,有限名称任何这里一切简介.,1
17,CALL,2025-06-10 10:03:00,NO_ANSWER,合作组织是一文件.,1
17,CALL,2025-06-15 09:12:00,REFUSE,汽车是一简介重要已经密码.,1
17,CALL,2025-06-19 16:38:00,PICK_UP,地方设备浏览人民推荐他的一点.,1
17,CALL,2025-06-22 19:49:00,REFUSE,有关方面比较包括是否.,1
17,CALL,2025-06-25 16:24:00,REFUSE,程序分析销售一点.,1
18,SMS,2025-05-10 11:34:00,\N,而且只有他的一般详细无法如果.,1
18,VISIT,2025-05-11 12:04:00,\N,有限行业朋友对于一定价格国际.,1
18,VISIT,2025-05-12 11:02:00,\N,工程最大电话你们是否这个.,1
18,CALL,2025-05-17 09:54:00,PROMISE,用户简介世界也是电子.,1
18,CALL,2025-05-22 09:44:00,REFUSE,可是一些谢谢全部客户价格使用.,1
18,SMS,2025-05-26 11:07:00,\N,网络标题重要需要根据控制.,1
18,CALL,2025-05-29 15:45:00,PROMISE,一切之间行业个人数据.,1
18,SMS,2025-05-30 13:52:00,\N,主要现在还是个人音乐点击中心.,1
18,CALL,2025-06-04 17:27:00,NO_ANSWER,一点生活通过.,1
18,CALL,2025-06-05 15:52:00,PROMISE,方法详细因为有关.,1
18,SMS,2025-06-08 11:51:00,\N,责任显示分析工具显示显示.,1
19,SMS,2025-06-06 09:08:00,\N,两个出现表示地址类型所以本站.,1
19,SMS,2025-06-08 09:01:00,\N,全国上海回复.,1
19,SMS,2025-06-12 11:06:00,\N,还是大学部门而且还是然后.,1
19,LETTER,2025-06-17 16:57:00,\N,他们来源生活文化你的法律参加不过.,1
19,CALL,2025-06-19 11:49:00,NO_ANSWER,不过朋友公司政府.,1
19,LETTER,2025-06-24 09:46:00,\N,部分信息继续国内.,1
20,CALL,2025-06-09 09:10:00,PROMISE,详细服务名称而且服务问题运行公司.,1
20,CALL,2025-06-14 20:10:00,PICK_UP,世界如果具有搜索选择阅读.,1
20,CALL,2025-06-18 19:40:00,NO_ANSWER,可以公司主题个人.,1
20,CALL,2025-06-22 20:01:00,PICK_UP,音乐公司政府关系一起如果.,1
21,LETTER,2025-06-14 14:05:00,\N,是否应该我的上海已经今年规定.,1
21,CALL,2025-06-16 09:03:00,PROMISE,实现没有结果能力最大内容.,1
21,CALL,2025-06-20 13:45:00,PROMISE,类型教育组织发布数据.,1
21,CALL,2025-06-22 18:30:00,PICK_UP,这里类型电脑报告一样质量.,1
21,CALL,2025-06-24 15:43:00,PROMISE,电子中心设计现在.,1
22,LETTER,2025-05-26 11:18:00,\N,点击登录他的两个商品.,1
22,SMS,2025-05-29 09:04:00,\N,一样具有以及.,1
22,CALL,2025-06-03 16:06:00,PICK_UP,报告方面认为环境的人不能继续.,1
22,CALL,2025-06-04 16:28:00,NO_ANSWER,今年如果应用一定.,1
22,CALL,2025-06-05 18:18:00,REFUSE,电脑文化人民关系.,1
23,CALL,2025-05-04 18:17:00,REFUSE,继续作品一样可能帖子认为他的部门.,1
23,SMS,2025-05-07 16:59:00,\N,什么而且单位规定.,1
23,CALL,2025-05-11 19:41:00,PROMISE,科技对于日期地方不是以后.,1
23,CALL,2025-05-15 20:17:00,REFUSE,成功注意介绍计划主题.,1
23,CALL,2025-05-20 20:39:00,NO_ANSWER,进入商品一般而且相关.,1
24,CALL,2025-03-10 16:16:00,PROMISE,虽然浏览阅读一个不要能力目前.,1
24,CALL,2025-03-15 17:52:00,REFUSE,商品处理觉得能够出来为什.,1
24,SMS,2025-03-20 17:10:00,\N,以上事情社区.,1
24,CALL,2025-03-23 16:24:00,PROMISE,原因教育历史.,1
24,CALL,2025-03-26 09:22:00,PICK_UP,论坛登录回复程序.,1
24,SMS,2025-03-30 09:45:00,\N,之后深圳虽然表示.,1
24,CALL,2025-04-01 16:58:00,REFUSE,自己日期成功.,1
24,SMS,2025-04-02 18:15:00,\N,管理城市设备参加.,1
24,CALL,2025-04-06 15:06:00,NO_ANSWER,地区方法行业过程.,1
25,SMS,2025-06-04 13:50:00,\N,市场还有关系公司完全学习企业.,1
25,VISIT,2025-06-05 10:06:00,\N,能力电话可是音乐大学.,1
25,CALL,2025-06-10 16:14:00,PICK_UP,如果不是以上由于这些文化.,1
25,CALL,2025-06-11 13:17:00,PROMISE,只是认为感觉市场一个.,1
26,SMS,2025-05-24 19:15:00,\N,专业社区工程要求.,1
26,CALL,2025-05-25 09:04:00,PROMISE,首页完全无法其中当然.,1
26,CALL,2025-05-30 20:35:00,REFUSE,技术网上密码美国.,1
26,VISIT,2025-06-04 19:48:00,\N,一下质量能力有限谢谢.,1
26,CALL,2025-06-08 09:07:00,REFUSE,一点论坛怎么觉得喜欢情况.,1
26,LETTER,2025-06-11 10:45:00,\N,无法美国法律运行.,1
27,CALL,2025-05-20 17:21:00,PROMISE,说明感觉方面如此发布语言.,1
27,CALL,2025-05-23 19:52:00,PICK_UP,社区很多关于但是操作.,1
27,CALL,2025-05-27 19:47:00,PROMISE,能力经验自己这种.,1
27,SMS,2025-05-28 14:55:00,\N,注册问题当前不断标准看到.,1
28,VISIT,2025-06-14 11:32:00,\N,位置新闻工具发展全部特别觉得社会.,1
28,CALL,2025-06-19 17:44:00,PROMISE,都是汽车制作.,1
28,CALL,2025-06-20 15:37:00,PROMISE,程序关于开始这里投资内容.,1
28,CALL,2025-06-25 12:10:00,PROMISE,浏览提供投资这个工具他们.,1
28,CALL,2025-06-26 19:39:00,REFUSE,位置加入回复.,1
29,CALL,2025-06-18 15:47:00,NO_ANSWER,政府起来情况类别很多.,1
29,CALL,2025-06-23 09:10:00,REFUSE,喜欢不会应用看到一个同时.,1
29,CALL,2025-06-26 15:02:00,PROMISE,根据销售决定图片朋友汽车最后进入.,1
31,CALL,2025-06-25 15:29:00,NO_ANSWER,价格信息只是电话这种只有.,1
31,CALL,2025-06-30 16:55:00,REFUSE,发表市场城市男人程序这样显示.,1
32,CALL,2025-05-10 19:20:00,PICK_UP,虽然原因新闻教育.,1
32,CALL,2025-05-14 12:45:00,REFUSE,你的帮助问题一切现在发展解决研究.,1
32,CALL,2025-05-19 17:13:00,PROMISE,语言提供正在孩子实现非常品牌.,1
32,CALL,2025-05-23 11:54:00,REFUSE,时间方面名称因此社会.,1
33,CALL,2025-06-18 12:41:00,REFUSE,问题活动同时男人.,1
33,CALL,2025-06-21 13:08:00,NO_ANSWER,帮助人民选择发表一些服务.,1
33,CALL,2025-06-23 14:50:00,REFUSE,要求以下都是音乐直接我的.,1
34,CALL,2025-04-17 12:23:00,REFUSE,经营要求规定有关地区.,1
34,CALL,2025-04-18 18:28:00,NO_ANSWER,你的系统需要报告.,1
34,SMS,2025-04-21 14:58:00,\N,上海主题没有历史.,1
35,SMS,2025-03-19 18:41:00,\N,城市简介所以发表活动.,1
35,LETTER,2025-03-22 14:04:00,\N,公司中心查看当前你们作者.,1
35,SMS,2025-03-23 09:16:00,\N,阅读朋友免费.,1
35,LETTER,2025-03-27 09:41:00,\N,主要目前这个提供自己.,1
35,CALL,2025-04-01 16:29:00,REFUSE,选择工作提高知道.,1
35,CALL,2025-04-02 17:44:00,PICK_UP,可能继续专业或者都是以后搜索.,1
35,SMS,2025-04-03 13:34:00,\N,责任已经活动时间拥有如此会员.,1
35,CALL,2025-04-08 10:39:00,PICK_UP,不过怎么她的投资广告位置.,1
35,VISIT,2025-04-09 16:39:00,\N,国内这是只要最新加入不是.,1
35,CALL,2025-04-14 17:09:00,PROMISE,一样研究位置专业国家处理已经.,1
35,CALL,2025-04-17 11:04:00,REFUSE,也是游戏用户还有.,1
36,LETTER,2025-03-23 14:24:00,\N,为了这个得到.,1
36,CALL,2025-03-25 10:48:00,PROMISE,的是全国当前进行.,1
36,CALL,2025-03-27 16:53:00,NO_ANSWER,环境学校对于完成有些.,1
36,CALL,2025-04-01 15:49:00,PROMISE,注册使用规定部分文章经验地区.,1
37,CALL,2025-05-16 13:41:00,NO_ANSWER,一次大小密码系列不能.,1
37,CALL,2025-05-17 11:18:00,PICK_UP,电话关系认为决定以下本站.,1
37,CALL,2025-05-22 18:48:00,REFUSE,精华评论但是时间.,1
37,CALL,2025-05-27 19:28:00,PICK_UP,觉得联系发表美国作者最新计划.,1
37,SMS,2025-06-01 19:29:00,\N,语言销售技术进行但是或者.,1
39,CALL,2025-05-24 19:29:00,REFUSE,环境男人会员.,1
39,CALL,2025-05-25 13:07:00,NO_ANSWER,就是威望类别那么其中继续.,1
39,VISIT,2025-05-29 11:02:00,\N,功能那些希望今天.,1
39,CALL,2025-06-01 16:22:00,NO_ANSWER,文化一般游戏国内游戏东西过程.,1
39,CALL,2025-06-02 19:51:00,PROMISE,空间地区国际部门以及很多类型为了.,1
40,LETTER,2025-03-30 12:06:00,\N,可以中文说明正在单位加入显示.,1
40,CALL,2025-04-02 10:05:00,NO_ANSWER,中国孩子工具这些程序一起活动.,1
40,CALL,2025-04-06 16:58:00,REFUSE,重要具有程序阅读发生不断.,1
40,LETTER,2025-04-07 14:09:00,\N,包括大小最后品牌在线实现服务.,1
40,LETTER,2025-04-08 10:22:00,\N,功能对于开发.,1
40,SMS,2025-04-10 18:29:00,\N,是一选择一起.,1
40,CALL,2025-04-12 15:07:00,PICK_UP,今年其实表示任何.,1
40,LETTER,2025-04-13 09:05:00,\N,发表一切上海看到.,1
40,CALL,2025-04-18 16:46:00,PICK_UP,有些你的文化这么处理其中当然我们.,1
41,CALL,2025-05-25 09:43:00,PROMISE,其他资料包括大家.,1
41,CALL,2025-05-27 16:07:00,PROMISE,最大控制单位之后需要单位.,1
41,SMS,2025-05-31 13:45:00,\N,时间一个经营浏览显示因此部分.,1
41,LETTER,2025-06-01 09:50:00,\N,感觉各种下载这是这么生活.,1
41,CALL,2025-06-02 09:03:00,PICK_UP,价格最新来自没有活动这里大小.,1
42,SMS,2025-03-19 17:25:00,\N,图片不能东西原因系统注意是一.,1
42,SMS,2025-03-20 10:17:00,\N,新闻软件怎么得到电影社区很多.,1
42,CALL,2025-03-21 13:30:00,PROMISE,积分这样以下发表.,1
42,CALL,2025-03-24 11:04:00,PICK_UP,那个浏览或者比较重要.,1
43,CALL,2025-05-18 13:47:00,PICK_UP,资料看到上海必须这么其实.,1
43,VISIT,2025-05-22 11:22:00,\N,最大朋友能力出现女人.,1
43,CALL,2025-05-25 16:58:00,PICK_UP,出现地方经济美国.,1
43,SMS,2025-05-29 14:54:00,\N,拥有的人学习以下两个.,1
43,SMS,2025-06-03 17:56:00,\N,文章帖子电话开发目前电脑.,1
43,SMS,2025-06-07 14:42:00,\N,显示说明方法不能论坛今天.,1
43,CALL,2025-06-12 11:34:00,NO_ANSWER,精华无法注册选择精华以后空间.,1
43,CALL,2025-06-13 18:00:00,PROMISE,一点决定说明地方经营显示欢迎数据.,1
43,CALL,2025-06-14 09:39:00,PICK_UP,为了全国更新成为设备.,1
43,CALL,2025-06-17 13:20:00,PROMISE,不能能够有些帮助回复提高.,1
44,CALL,2025-06-17 12:37:00,NO_ANSWER,要求电脑操作欢迎.,1
44,CALL,2025-06-22 11:10:00,REFUSE,教育成功价格信息.,1
44,CALL,2025-06-25 18:06:00,NO_ANSWER,服务只要然后结果什么大小出来.,1
44,CALL,2025-06-30 12:43:00,PICK_UP,本站进行文章当然所以是否那个.,1
46,SMS,2025-05-29 13:11:00,\N,这么问题新闻女人非常而且程序类别.,1
46,SMS,2025-06-02 19:54:00,\N,男人运行建设大小.,1
46,SMS,2025-06-07 11:09:00,\N,参加因为类型学生人民.,1
46,LETTER,2025-06-12 09:11:00,\N,历史法律主题研究.,1
46,CALL,2025-06-15 20:26:00,REFUSE,我们政府帮助现在欢迎.,1
46,CALL,2025-06-20 09:56:00,PICK_UP,我的人员的话所以不过制作.,1
47,CALL,2025-06-17 17:28:00,REFUSE,介绍留言一般.,1
47,CALL,2025-06-21 14:53:00,REFUSE,不过这里质量游戏.,1
47,SMS,2025-06-22 19:55:00,\N,评论类型进入地区报告.,1
48,CALL,2025-06-23 10:05:00,PICK_UP,我的客户必须这么.,1
48,CALL,2025-06-28 18:43:00,REFUSE,历史东西问题.,1
48,CALL,2025-06-30 16:29:00,REFUSE,类别项目不过法律技术记者.,1
49,CALL,2025-06-21 09:19:00,PICK_UP,没有等级合作经济.,1
49,CALL,2025-06-22 19:14:00,PROMISE,制作大学规定之后阅读.,1
49,CALL,2025-06-24 14:54:00,PROMISE,自己标准成为.,1
49,SMS,2025-06-27 19:05:00,\N,就是管理成为地方用户东西时候.,1
50,VISIT,2025-05-22 13:55:00,\N,加入软件合作方法.,1
50,CALL,2025-05-23 18:27:00,PICK_UP,市场世界中文专业.,1
50,CALL,2025-05-27 16:25:00,PROMISE,必须全部之后回复社会.,1
51,CALL,2025-03-20 17:16:00,REFUSE,不能之间虽然朋友会员得到不要.,1
51,LETTER,2025-03-24 14:17:00,\N,时候这么这些发表法律希望.,1
51,VISIT,2025-03-27 17:41:00,\N,网络类别销售业务现在今年.,1
51,SMS,2025-03-29 12:29:00,\N,中文不断什么那个工程下载.,1
51,VISIT,2025-04-01 17:50:00,\N,系统知道支持目前评论.,1
51,CALL,2025-04-03 09:56:00,PROMISE,首页安全记者具有.,1
52,CALL,2025-06-26 20:23:00,NO_ANSWER,广告已经不同密码免费计划服务.,1
52,CALL,2025-06-29 13:38:00,PROMISE,如此一样电影当然是一什么.,1
53,CALL,2025-05-18 19:34:00,NO_ANSWER,内容关于主要不同可以.,1
53,CALL,2025-05-22 20:35:00,REFUSE,语言事情出来手机谢谢一切.,1
53,CALL,2025-05-26 15:41:00,REFUSE,根据无法联系注意.,1
53,CALL,2025-05-28 12:45:00,PICK_UP,其中很多系统感觉次数为什觉得.,1
53,CALL,2025-05-31 15:09:00,NO_ANSWER,教育简介专业通过.,1
53,SMS,2025-06-03 20:25:00,\N,来自详细你们工具登录需要一些人员.,1
53,CALL,2025-06-05 16:45:00,NO_ANSWER,继续人民成为发布进入文件.,1
53,LETTER,2025-06-08 18:39:00,\N,国际上海知道类型原因.,1
54,CALL,2025-06-04 14:09:00,PICK_UP,首页使用参加研究网上.,1
54,LETTER,2025-06-08 17:21:00,\N,只是标题提供日期设计之后的人.,1
54,CALL,2025-06-09 20:35:00,NO_ANSWER,之后地方更多认为.,1
54,CALL,2025-06-14 09:45:00,PICK_UP,公司其中发现表示社区.,1
54,VISIT,2025-06-17 13:07:00,\N,学习完成完全客户作为进行我的主要.,1
54,SMS,2025-06-18 17:32:00,\N,已经支持希望服务一种类型责任.,1
54,SMS,2025-06-22 10:06:00,\N,包括出来制作.,1
54,CALL,2025-06-25 16:37:00,REFUSE,电影提供这样其他事情类型.,1
54,CALL,2025-06-29 10:39:00,REFUSE,数据进行经验选择是一进行.,1
55,CALL,2025-04-28 18:15:00,PICK_UP,这样经济原因空间只要.,1
55,CALL,2025-04-29 13:43:00,PROMISE,认为设备功能不能什么现在成为.,1
55,CALL,2025-05-03 18:41:00,PICK_UP,安全参加无法作品有些无法.,1
55,CALL,2025-05-07 09:21:00,NO_ANSWER,你的如何怎么自己男人回复帮助.,1
55,CALL,2025-05-12 10:06:00,NO_ANSWER,次数组织发现公司项目记者推荐.,1
56,CALL,2025-06-17 15:50:00,REFUSE,支持继续北京的是他们.,1
56,VISIT,2025-06-21 17:43:00,\N,具有工程主要不过一定.,1
56,LETTER,2025-06-23 17:58:00,\N,学校次数大学原因类型.,1
56,CALL,2025-06-25 12:49:00,PROMISE,最后网上一点得到市场觉得法律.,1
56,CALL,2025-06-30 17:57:00,REFUSE,不同不断地区您的问题那么影响.,1
57,CALL,2025-05-14 14:13:00,PROMISE,科技我的相关功能加入城市留言.,1
57,VISIT,2025-05-15 14:59:00,\N,电脑电子为什公司点击查看.,1
57,LETTER,2025-05-16 09:40:00,\N,之后工作这么她的所有免费以及.,1
57,CALL,2025-05-21 11:20:00,REFUSE,就是标题时间.,1
57,CALL,2025-05-25 19:43:00,REFUSE,分析是否很多什么学生我的软件大小.,1
58,CALL,2025-06-06 20:49:00,PROMISE,能够文章主题这样.,1
58,SMS,2025-06-07 09:56:00,\N,报告以下直接电影不同.,1
58,CALL,2025-06-10 09:49:00,REFUSE,学习一次解决经验人员规定.,1
58,CALL,2025-06-12 16:08:00,NO_ANSWER,一次那些日本首页这个大家安全.,1
58,CALL,2025-06-15 09:39:00,PICK_UP,论坛电子系统全部一定市场留言.,1
58,CALL,2025-06-16 14:33:00,NO_ANSWER,就是可以工作进入发表一些最后.,1
58,SMS,2025-06-20 15:29:00,\N,一样生活教育能够一点所有.,1
58,CALL,2025-06-21 10:01:00,NO_ANSWER,帮助知道没有阅读成为虽然当然.,1
58,CALL,2025-06-25 10:13:00,PROMISE,文化浏览提供在线简介记者所以.,1
58,CALL,2025-06-26 17:20:00,PICK_UP,谢谢还有最新运行类别.,1
59,CALL,2025-05-30 17:17:00,PROMISE,的话学习科技世界支持怎么.,1
59,CALL,2025-06-02 15:11:00,PROMISE,只要之间应该数据作品相关任何.,1
59,CALL,2025-06-07 13:42:00,NO_ANSWER,城市已经一个解决.,1
59,CALL,2025-06-12 17:53:00,REFUSE,如果操作北京发布你的这是用户.,1
59,SMS,2025-06-14 15:32:00,\N,必须注册要求下载什么威望评论.,1
60,CALL,2025-04-28 18:22:00,REFUSE,一些中心如何情况.,1
60,SMS,2025-05-02 15:02:00,\N,经济社区这里文件.,1
60,CALL,2025-05-05 10:13:00,REFUSE,学校还有他们北京网络.,1
60,SMS,2025-05-08 14:32:00,\N,控制帮助发展你们美国由于发表.,1
60,CALL,2025-05-10 14:43:00,REFUSE,部分男人喜欢责任显示都是.,1
60,CALL,2025-05-11 13:45:00,NO_ANSWER,专业而且有限个人有些政府.,1
60,SMS,2025-05-15 12:19:00,\N,功能可是根据发展个人一个标题.,1
61,LETTER,2025-06-24 16:06:00,\N,内容电话客户还有.,1
61,SMS,2025-06-27 16:44:00,\N,那个说明经营到了文件拥有能够.,1
62,CALL,2025-05-24 19:32:00,NO_ANSWER,系统不会法律空间点击你们.,1
62,SMS,2025-05-26 11:03:00,\N,发展认为发现电脑图片非常资源.,1
62,LETTER,2025-05-29 20:03:00,\N,怎么经济只要经济.,1
62,CALL,2025-06-01 11:04:00,REFUSE,不要教育部门会员资源或者规定.,1
62,CALL,2025-06-03 19:56:00,NO_ANSWER,一直企业关系由于一直服务决定.,1
63,SMS,2025-06-18 14:44:00,\N,手机数据比较还有个人什么运行.,1
63,SMS,2025-06-19 11:10:00,\N,这么应用国内看到.,1
63,CALL,2025-06-22 09:19:00,PROMISE,来源希望联系更多时候过程.,1
63,CALL,2025-06-26 17:57:00,REFUSE,免费一起查看.,1
63,CALL,2025-06-28 10:18:00,PICK_UP,系统喜欢起来关于.,1
64,CALL,2025-04-06 16:34:00,PROMISE,谢谢价格开始技术帖子.,1
64,CALL,2025-04-07 17:11:00,NO_ANSWER,欢迎根据首页一切进行.,1
64,SMS,2025-04-08 12:56:00,\N,而且使用地方技术一次.,1
64,CALL,2025-04-10 15:03:00,PICK_UP,他的这里下载登录解决评论.,1
64,CALL,2025-04-14 14:32:00,PICK_UP,一种可以全部次数不断美国.,1
64,CALL,2025-04-19 16:00:00,PROMISE,得到应该工作来自同时发生.,1
64,CALL,2025-04-22 12:12:00,PICK_UP,各种免费文化以上.,1
64,SMS,2025-04-24 18:40:00,\N,作品其他等级.,1
64,VISIT,2025-04-27 12:01:00,\N,报告精华那么不会任何没有因此来源.,1
64,CALL,2025-04-29 15:09:00,PICK_UP,他们最后市场大家.,1
64,CALL,2025-04-30 13:33:00,NO_ANSWER,开发非常生活位置北京合作事情最新.,1
64,CALL,2025-05-04 10:05:00,NO_ANSWER,事情价格下载提高.,1
65,CALL,2025-04-22 19:54:00,REFUSE,内容作品为什可以以后或者应该.,1
65,CALL,2025-04-26 11:24:00,NO_ANSWER,生活那个手机.,1
65,CALL,2025-04-30 20:07:00,NO_ANSWER,的话责任特别.,1
66,CALL,2025-03-20 17:23:00,PICK_UP,认为下载合作谢谢汽车.,1
66,CALL,2025-03-23 10:36:00,PROMISE,朋友能力单位也是社会以下关于.,1
66,CALL,2025-03-28 15:35:00,NO_ANSWER,活动觉得所有.,1
66,SMS,2025-03-30 13:51:00,\N,你的详细环境数据知道这个.,1
66,LETTER,2025-04-01 18:04:00,\N,一次我的知道系列价格的话谢谢.,1
66,CALL,2025-04-05 20:36:00,REFUSE,成为方法只是法律由于图片.,1
66,CALL,2025-04-06 14:53:00,PROMISE,所有正在类别经济问题地方会员.,1
66,SMS,2025-04-07 09:43:00,\N,图片一些看到游戏运行所以.,1
67,CALL,2025-06-22 19:54:00,PICK_UP,产品威望活动发布任何进入但是.,1
67,CALL,2025-06-25 17:35:00,PROMISE,服务完成业务你的搜索.,1
67,CALL,2025-06-27 19:11:00,PICK_UP,生活如何无法因此以上主要.,1
67,VISIT,2025-06-28 12:48:00,\N,一直价格政府如此出来.,1
68,CALL,2025-05-28 19:21:00,NO_ANSWER,支持深圳还是很多进行经营论坛.,1
68,LETTER,2025-06-01 11:33:00,\N,研究推荐日期我的建设资源相关.,1
68,CALL,2025-06-06 18:45:00,PROMISE,因此文化留言谢谢.,1
68,SMS,2025-06-09 09:15:00,\N,网上根据说明.,1
68,CALL,2025-06-14 13:34:00,PICK_UP,音乐用户价格.,1
68,LETTER,2025-06-16 15:29:00,\N,查看下载出来程序.,1
69,CALL,2025-05-05 14:36:00,PROMISE,一些完全选择我们支持需要为什不要.,1
69,LETTER,2025-05-07 17:11:00,\N,希望通过成为方面.,1
69,VISIT,2025-05-10 19:28:00,\N,政府生产的话法律.,1
69,SMS,2025-05-14 10:41:00,\N,作品可以直接希望帖子.,1
69,CALL,2025-05-16 10:54:00,REFUSE,发展方面合作他的不会.,1
69,CALL,2025-05-20 10:31:00,PICK_UP,一下阅读时间都是方法市场.,1
70,SMS,2025-06-20 15:43:00,\N,同时更新主题开发比较电话.,1
70,VISIT,2025-06-25 11:21:00,\N,支持是一一定大家如何运行.,1
70,LETTER,2025-06-29 10:39:00,\N,以上电子这些今天位置当然如何.,1
71,CALL,2025-06-12 14:09:00,REFUSE,名称建设人民这样如何为什日本.,1
71,CALL,2025-06-17 17:09:00,NO_ANSWER,其实他的一般直接以上.,1
71,CALL,2025-06-20 11:53:00,NO_ANSWER,的话问题中文那些现在上海.,1
71,CALL,2025-06-23 20:17:00,PICK_UP,不要知道市场销售.,1
71,CALL,2025-06-28 20:13:00,REFUSE,设计参加管理同时.,1
72,SMS,2025-05-23 12:12:00,\N,网站地区什么分析应该.,1
72,CALL,2025-05-25 13:12:00,PICK_UP,一下就是中文表示.,1
72,CALL,2025-05-26 14:49:00,REFUSE,只要文章学习.,1
72,CALL,2025-05-28 17:15:00,PICK_UP,就是主要进行相关产品提高.,1
72,CALL,2025-06-01 17:07:00,REFUSE,密码说明地址为了感觉.,1
72,CALL,2025-06-03 18:28:00,REFUSE,很多电子以上中文一下在线虽然.,1
72,CALL,2025-06-07 09:12:00,PROMISE,一直广告我的价格是否为什文章.,1
73,CALL,2025-06-26 18:20:00,PROMISE,工具以及之间设备所以.,1
73,SMS,2025-06-30 14:54:00,\N,评论搜索工具发表.,1
74,CALL,2025-05-13 18:30:00,NO_ANSWER,状态城市广告要求不同增加.,1
74,SMS,2025-05-17 11:29:00,\N,你们不是发现销售由于需要.,1
74,VISIT,2025-05-22 11:25:00,\N,电话资料是否系统表示.,1
74,CALL,2025-05-26 18:22:00,PROMISE,市场一切类型这种他的.,1
74,CALL,2025-05-29 10:03:00,PROMISE,实现的人来源文件因为.,1
75,SMS,2025-05-17 13:06:00,\N,特别的是网络行业.,1
75,SMS,2025-05-21 10:30:00,\N,部门一个汽车大学单位.,1
75,SMS,2025-05-24 14:06:00,\N,关于企业提供当然阅读.,1
75,CALL,2025-05-27 20:06:00,NO_ANSWER,因此进入也是解决表示说明操作你们.,1
76,CALL,2025-06-16 15:02:00,NO_ANSWER,一切很多经验进入发生.,1
76,CALL,2025-06-20 18:07:00,NO_ANSWER,因此首页论坛文化简介经营朋友可能.,1
76,CALL,2025-06-22 12:10:00,PICK_UP,等级记者回复认为威望.,1
77,CALL,2025-05-08 09:28:00,PROMISE,操作自己有关正在自己.,1
77,CALL,2025-05-09 19:02:00,NO_ANSWER,内容当然谢谢大学不同安全如此.,1
77,SMS,2025-05-12 16:02:00,\N,用户大家还是而且.,1
77,SMS,2025-05-15 19:52:00,\N,只要登录进入最新帖子.,1
77,SMS,2025-05-20 20:54:00,\N,说明重要来自产品.,1
79,CALL,2025-04-25 19:22:00,NO_ANSWER,日期不会最新还是特别价格.,1
79,LETTER,2025-04-28 19:08:00,\N,还有决定影响就是深圳.,1
79,SMS,2025-05-02 18:34:00,\N,成功回复希望语言不同学生一下类型.,1
79,SMS,2025-05-07 20:50:00,\N,国内这么我们自己.,1
79,CALL,2025-05-09 09:38:00,PICK_UP,这个正在美国开始成为.,1
80,CALL,2025-04-10 09:53:00,NO_ANSWER,以下管理经营社区开发音乐部分完成.,1
80,CALL,2025-04-12 15:54:00,PICK_UP,技术基本教育无法其他一样公司.,1
80,SMS,2025-04-16 14:59:00,\N,市场结果网络如此教育男人发布.,1
81,CALL,2025-05-16 09:41:00,NO_ANSWER,选择什么位置已经合作需要控制.,1
81,CALL,2025-05-17 13:56:00,REFUSE,方法日本经验两个.,1
81,SMS,2025-05-20 12:52:00,\N,搜索类别一直生活是一特别提供.,1
81,SMS,2025-05-21 17:13:00,\N,用户中心支持主要.,1
81,SMS,2025-05-24 20:05:00,\N,必须不断您的大学.,1
81,SMS,2025-05-29 11:56:00,\N,企业加入法律个人.,1
81,LETTER,2025-05-30 17:24:00,\N,可是男人发现注册今天科技加入.,1
81,SMS,2025-06-03 15:35:00,\N,本站推荐比较方面生活.,1
81,CALL,2025-06-04 19:08:00,PICK_UP,产品价格企业项目这个.,1
82,CALL,2025-06-15 17:16:00,PROMISE,加入非常不断.,1
82,CALL,2025-06-19 19:11:00,PICK_UP,成功只有点击报告次数大家.,1
82,CALL,2025-06-23 09:21:00,NO_ANSWER,关于发表功能这个点击行业欢迎.,1
82,CALL,2025-06-27 14:10:00,REFUSE,个人文章联系质量类别提高.,1
82,CALL,2025-06-28 20:42:00,REFUSE,学校包括处理自己.,1
82,CALL,2025-06-30 12:11:00,REFUSE,开始地址你们经济资源法律登录准备.,1
83,CALL,2025-04-07 17:01:00,PROMISE,国家社区事情类型推荐公司来自.,1
83,CALL,2025-04-08 18:08:00,NO_ANSWER,工具音乐表示操作.,1
83,CALL,2025-04-11 11:07:00,PROMISE,本站继续因此自己名称城市法律.,1
84,SMS,2025-06-21 17:58:00,\N,部门政府正在最后商品大学国内.,1
84,CALL,2025-06-26 09:05:00,REFUSE,经验中国很多之间一个.,1
84,SMS,2025-06-29 20:06:00,\N,你的点击朋友成功系列合作如此.,1
85,CALL,2025-05-07 16:48:00,REFUSE,不是时间是否说明.,1
85,SMS,2025-05-08 10:01:00,\N,注册要求开发就是必须比较.,1
85,CALL,2025-05-09 15:31:00,NO_ANSWER,一次浏览科技留言发展.,1
85,LETTER,2025-05-12 17:58:00,\N,作品一次增加计划质量城市你的.,1
85,LETTER,2025-05-14 13:30:00,\N,回复他们学习设计登录重要全部.,1
85,SMS,2025-05-16 16:51:00,\N,增加继续威望工作只有实现.,1
86,LETTER,2025-05-17 10:40:00,\N,进入技术如何政府这是全国.,1
86,CALL,2025-05-22 15:50:00,PICK_UP,所以现在公司女人.,1
86,VISIT,2025-05-26 09:41:00,\N,她的社会法律社区.,1
86,SMS,2025-05-27 18:15:00,\N,而且都是这是中文程序得到虽然.,1
86,CALL,2025-05-29 17:40:00,PICK_UP,网站企业发生.,1
86,VISIT,2025-06-02 10:53:00,\N,而且之后文件拥有国家社会以下学习.,1
87,CALL,2025-04-13 14:16:00,PROMISE,游戏北京阅读怎么不是计划信息.,1
87,CALL,2025-04-14 11:10:00,PICK_UP,或者不会客户.,1
87,VISIT,2025-04-18 12:38:00,\N,以后网站国家以及我们生活.,1
87,CALL,2025-04-23 11:08:00,PROMISE,记者非常参加点击帮助认为.,1
87,SMS,2025-04-28 18:04:00,\N,名称影响地方东西质量只要.,1
87,CALL,2025-04-29 15:47:00,NO_ANSWER,根据精华正在电话.,1
88,CALL,2025-06-30 13:52:00,REFUSE,孩子世界谢谢单位日本工作制作.,1
89,CALL,2025-02-27 11:43:00,REFUSE,注意可是市场虽然一定系统必须.,1
89,SMS,2025-03-01 10:08:00,\N,今年文化目前以上广告不同.,1
89,SMS,2025-03-05 13:03:00,\N,关系所有发表美国地址一个感觉他们.,1
89,CALL,2025-03-08 17:48:00,REFUSE,而且自己继续情况最大其他记者.,1
89,SMS,2025-03-09 16:30:00,\N,一定只有有限自己内容组织.,1
89,CALL,2025-03-11 17:17:00,REFUSE,不同设计以及.,1
89,SMS,2025-03-15 12:11:00,\N,管理开发系统表示北京他们.,1
89,CALL,2025-03-20 20:06:00,REFUSE,她的中文来源根据合作.,1
90,CALL,2025-05-10 11:36:00,NO_ANSWER,等级学生资源次数他们.,1
90,SMS,2025-05-11 15:27:00,\N,所有简介科技.,1
90,CALL,2025-05-16 12:00:00,PROMISE,然后没有情况空间必须网络.,1
90,CALL,2025-05-17 16:00:00,REFUSE,投资然后联系看到.,1
90,CALL,2025-05-20 12:38:00,PROMISE,出现销售电子类别.,1
90,LETTER,2025-05-22 17:49:00,\N,手机首页查看.,1
91,CALL,2025-05-19 12:53:00,REFUSE,简介来自实现发表.,1
91,CALL,2025-05-22 13:03:00,PICK_UP,所以一下我的威望要求.,1
91,LETTER,2025-05-23 14:51:00,\N,发现信息次数方式.,1
91,SMS,2025-05-28 17:24:00,\N,那些今天文化之后原因网络.,1
91,LETTER,2025-05-29 20:40:00,\N,然后包括阅读.,1
92,CALL,2025-02-25 20:13:00,REFUSE,工具包括密码我们网站.,1
92,CALL,2025-03-02 19:16:00,PROMISE,经营可以网站组织分析系列.,1
92,CALL,2025-03-07 09:32:00,REFUSE,帖子解决专业更多是一威望政府.,1
92,SMS,2025-03-10 16:44:00,\N,作品参加经验使用他们设计.,1
92,CALL,2025-03-13 09:25:00,REFUSE,浏览这里内容重要.,1
92,CALL,2025-03-14 18:20:00,PROMISE,过程只是喜欢都是而且详细一下.,1
92,CALL,2025-03-15 18:55:00,REFUSE,当前最后您的所以.,1
92,LETTER,2025-03-20 19:43:00,\N,功能能力一下关系各种.,1
92,SMS,2025-03-24 11:43:00,\N,然后投资虽然男人.,1
92,CALL,2025-03-28 19:31:00,PICK_UP,下载网站安全政府.,1
93,LETTER,2025-04-03 09:38:00,\N,在线能够关系类型有限精华其实资源.,1
93,SMS,2025-04-08 09:30:00,\N,市场不会以及计划一起部分大家.,1
93,CALL,2025-04-13 18:45:00,NO_ANSWER,汽车本站文章首页她的.,1
93,CALL,2025-04-16 13:22:00,NO_ANSWER,美国运行本站因此结果中心.,1
93,CALL,2025-04-19 09:58:00,PROMISE,特别中心最大一个.,1
93,CALL,2025-04-20 12:47:00,PICK_UP,企业可能回复时候不断客户上海.,1
93,CALL,2025-04-25 11:45:00,NO_ANSWER,来源详细所以公司根据本站.,1
93,CALL,2025-04-26 09:29:00,NO_ANSWER,一样进入一起具有谢谢资料.,1
93,CALL,2025-04-30 16:02:00,NO_ANSWER,事情影响没有.,1
93,CALL,2025-05-04 09:04:00,REFUSE,来源什么组织.,1
93,CALL,2025-05-08 16:44:00,NO_ANSWER,等级能够免费项目状态不同.,1
94,SMS,2025-05-24 13:40:00,\N,当然客户类型主要解决.,1
94,CALL,2025-05-28 16:20:00,PROMISE,电脑现在任何人员今年还是有关.,1
94,SMS,2025-06-01 19:23:00,\N,有关更多拥有来自名称.,1
94,SMS,2025-06-04 15:14:00,\N,决定如何推荐谢谢控制这些生产.,1
94,CALL,2025-06-06 20:13:00,REFUSE,上海文化免费系统人员来自因为.,1
95,CALL,2025-06-19 14:08:00,PROMISE,很多资料一次.,1
95,SMS,2025-06-21 14:01:00,\N,的话孩子问题.,1
95,CALL,2025-06-24 20:30:00,NO_ANSWER,得到感觉中文组织运行状态无法.,1
95,SMS,2025-06-25 17:59:00,\N,当然活动地方注意不会成为.,1
96,CALL,2025-05-14 20:11:00,PICK_UP,功能男人帖子成功方法工程学生自己.,1
96,CALL,2025-05-18 14:23:00,PROMISE,不同设计以及包括谢谢.,1
96,CALL,2025-05-23 13:34:00,PROMISE,如此留言之间这里一个不是制作.,1
96,LETTER,2025-05-27 15:22:00,\N,处理单位成为如何日期能够.,1
96,SMS,2025-05-30 19:01:00,\N,组织首页出来音乐.,1
96,CALL,2025-05-31 17:14:00,PICK_UP,中国状态成为.,1
96,LETTER,2025-06-04 18:48:00,\N,市场大家深圳.,1
96,CALL,2025-06-05 16:40:00,PICK_UP,社区制作浏览情况都是.,1
98,CALL,2025-06-12 15:29:00,PICK_UP,一定过程一点.,1
98,SMS,2025-06-15 11:23:00,\N,质量希望内容参加制作.,1
98,SMS,2025-06-19 15:41:00,\N,表示她的以及服务一点.,1
99,CALL,2025-06-24 11:17:00,PICK_UP,有限然后销售说明是一汽车.,1
99,CALL,2025-06-27 18:53:00,NO_ANSWER,只是工作有限怎么精华程序决定.,1
99,CALL,2025-06-28 16:00:00,REFUSE,出现起来的话对于时间.,1
100,SMS,2025-04-10 16:46:00,\N,那个世界登录文件状态然后.,1
100,CALL,2025-04-13 20:51:00,REFUSE,社会不是类型分析时候责任喜欢.,1
100,CALL,2025-04-14 13:08:00,PROMISE,帮助方面时候实现不同.,1
100,CALL,2025-04-19 10:52:00,REFUSE,在线喜欢名称能够经验这些您的.,1
100,CALL,2025-04-20 13:24:00,PICK_UP,欢迎或者最大两个大学.,1
100,CALL,2025-04-23 09:22:00,PICK_UP,社会认为人员中国.,1
100,LETTER,2025-04-27 12:23:00,\N,登录软件是否新闻.,1
100,CALL,2025-04-29 13:32:00,PICK_UP,时候全国我的其他只要.,1
100,SMS,2025-05-02 19:16:00,\N,发表大学为了运行那些.,1
100,CALL,2025-05-06 10:54:00,PICK_UP,任何也是工作支持评论用户.,1
101,SMS,2025-05-07 18:51:00,\N,参加文件手机一些.,1
101,CALL,2025-05-12 10:50:00,PROMISE,学习电子精华由于计划日期成功数据.,1
101,CALL,2025-05-15 18:44:00,REFUSE,投资如何都是主题觉得等级决定.,1
101,CALL,2025-05-18 12:01:00,NO_ANSWER,一直的是详细能力.,1
102,SMS,2025-05-25 16:30:00,\N,相关管理文章两个.,1
102,CALL,2025-05-30 18:25:00,NO_ANSWER,系列网上的人详细.,1
102,LETTER,2025-06-02 17:35:00,\N,文化质量如果系列他们.,1
102,VISIT,2025-06-07 10:08:00,\N,登录历史不要拥有怎么.,1
102,CALL,2025-06-08 12:11:00,NO_ANSWER,以上美国应用参加人民需要.,1
102,CALL,2025-06-10 16:43:00,PICK_UP,有关国家大小事情首页生活各种.,1
102,VISIT,2025-06-15 18:20:00,\N,你们完全更多可能.,1
103,CALL,2025-06-05 15:17:00,REFUSE,技术认为出现单位国内经济文件.,1
103,SMS,2025-06-08 10:42:00,\N,人民正在影响作为.,1
103,CALL,2025-06-09 10:14:00,PROMISE,的是国际他的介绍自己需要.,1
103,CALL,2025-06-12 19:36:00,PROMISE,这里更新大家继续之间完成网上.,1
104,CALL,2025-06-20 09:16:00,NO_ANSWER,文章类别用户设备广告通过首页设备.,1
104,SMS,2025-06-24 14:05:00,\N,作品这么查看这是帮助.,1
104,CALL,2025-06-26 13:55:00,REFUSE,所以更多技术以后中心这样行业.,1
104,LETTER,2025-06-27 15:35:00,\N,密码电影的人工程.,1
105,LETTER,2025-06-24 13:17:00,\N,时间资料关系.,1
105,SMS,2025-06-28 11:13:00,\N,以下组织说明由于是一.,1
106,LETTER,2025-04-07 20:22:00,\N,制作发布问题功能发生.,1
106,CALL,2025-04-11 10:29:00,PROMISE,文化喜欢回复基本.,1
106,CALL,2025-04-14 10:48:00,NO_ANSWER,成为必须语言作品大小.,1
106,CALL,2025-04-15 17:34:00,PICK_UP,积分位置非常一样.,1
106,SMS,2025-04-18 13:24:00,\N,专业图片大学威望.,1
106,CALL,2025-04-22 18:23:00,PICK_UP,最大发生品牌已经软件关于企业.,1
107,SMS,2025-03-29 18:39:00,\N,然后责任开始北京工作.,1
107,CALL,2025-03-31 09:15:00,PROMISE,不同最大情况觉得没有来自.,1
107,SMS,2025-04-04 13:08:00,\N,社区报告各种下载当前.,1
107,SMS,2025-04-05 17:50:00,\N,认为东西过程问题经营可能.,1
107,SMS,2025-04-09 18:37:00,\N,介绍产品状态广告电话工作支持.,1
107,CALL,2025-04-11 10:07:00,PROMISE,游戏所以目前计划技术教育事情.,1
108,CALL,2025-04-16 14:43:00,PROMISE,网络他们经济孩子以下.,1
108,CALL,2025-04-17 12:02:00,REFUSE,手机推荐一定需要那个.,1
108,CALL,2025-04-18 12:05:00,PROMISE,所有最大密码那个女人.,1
108,CALL,2025-04-20 13:49:00,REFUSE,准备通过一直国际查看.,1
108,VISIT,2025-04-22 16:29:00,\N,这样影响但是建设一直基本首页继续.,1
108,SMS,2025-04-26 17:47:00,\N,很多等级一次国际运行设备.,1
108,CALL,2025-04-28 19:50:00,NO_ANSWER,业务支持政府销售就是大小情况.,1
108,CALL,2025-05-02 13:07:00,REFUSE,用户而且男人汽车客户.,1
108,CALL,2025-05-06 09:11:00,PROMISE,解决文件以及怎么新闻一直.,1
108,CALL,2025-05-08 18:19:00,REFUSE,工作首页点击有些以后.,1
108,LETTER,2025-05-10 14:21:00,\N,起来解决之间上海你们方式政府.,1
108,CALL,2025-05-14 15:12:00,NO_ANSWER,推荐非常注册留言继续参加软件.,1
109,SMS,2025-05-01 11:24:00,\N,介绍拥有国际法律.,1
109,CALL,2025-05-03 13:43:00,NO_ANSWER,积分次数登录开始.,1
109,SMS,2025-05-07 09:29:00,\N,还有历史发生如何国家类型.,1
109,SMS,2025-05-11 18:22:00,\N,更多他的经营都是论坛记者.,1
109,LETTER,2025-05-15 18:17:00,\N,那个名称部门完全.,1
109,SMS,2025-05-16 09:41:00,\N,选择工作数据学校.,1
109,SMS,2025-05-19 14:39:00,\N,这些规定这么.,1
109,SMS,2025-05-23 17:27:00,\N,浏览结果应该问题特别分析.,1
109,CALL,2025-05-27 16:54:00,PICK_UP,留言记者显示空间留言女人完成.,1
110,CALL,2025-06-05 09:24:00,REFUSE,需要我们评论的是.,1
110,CALL,2025-06-08 18:50:00,PICK_UP,决定不要地方一样这是美国责任.,1
110,SMS,2025-06-13 12:44:00,\N,觉得大家管理控制结果根据还是上海.,1
110,CALL,2025-06-15 13:10:00,NO_ANSWER,更多当前新闻问题文化类型历史.,1
110,CALL,2025-06-16 10:29:00,PICK_UP,影响地方欢迎.,1
110,CALL,2025-06-17 12:12:00,PROMISE,有些工具方式.,1
111,CALL,2025-04-01 12:39:00,PICK_UP,作品如果特别选择文章大学.,1
111,CALL,2025-04-05 19:42:00,NO_ANSWER,语言中国注意网上.,1
111,CALL,2025-04-08 12:18:00,REFUSE,得到控制注意生活企业.,1
111,CALL,2025-04-12 19:12:00,PROMISE,学习不会空间您的希望.,1
111,CALL,2025-04-17 12:17:00,NO_ANSWER,已经语言不同上海注册关于其实.,1
111,CALL,2025-04-18 14:27:00,NO_ANSWER,一个大家看到情况.,1
111,CALL,2025-04-20 13:23:00,REFUSE,业务资料不要来自学校希望一般.,1
111,CALL,2025-04-24 20:35:00,PROMISE,认为政府作者个人.,1
111,CALL,2025-04-27 20:14:00,NO_ANSWER,业务地址他们学校文件.,1
112,CALL,2025-06-01 15:36:00,NO_ANSWER,单位语言今天其他帮助喜欢地址.,1
112,CALL,2025-06-06 14:06:00,REFUSE,网站主题那些发布论坛只是.,1
112,VISIT,2025-06-11 14:23:00,\N,标准能力一定今天然后或者.,1
112,CALL,2025-06-13 20:54:00,REFUSE,数据一直日本下载那些建设北京.,1
112,CALL,2025-06-15 14:51:00,REFUSE,不要生产基本电子.,1
112,SMS,2025-06-17 17:58:00,\N,已经控制成功.,1
112,CALL,2025-06-20 20:50:00,PROMISE,系统以上或者运行情况简介方式通过.,1
112,SMS,2025-06-22 19:48:00,\N,点击商品根据在线.,1
113,VISIT,2025-06-24 15:11:00,\N,一直因此出现音乐她的以后管理.,1
113,SMS,2025-06-28 19:30:00,\N,电脑过程最大服务游戏电脑可能.,1
114,SMS,2025-05-08 18:58:00,\N,信息详细能力今年研究工程因为如果.,1
114,CALL,2025-05-11 20:59:00,NO_ANSWER,计划经济学生地方参加进行部分商品.,1
114,SMS,2025-05-12 09:28:00,\N,是一地方电影联系有限其实目前.,1
114,CALL,2025-05-14 11:17:00,NO_ANSWER,孩子这里已经其他.,1
114,CALL,2025-05-16 15:31:00,PROMISE,决定方式等级.,1
114,CALL,2025-05-18 15:35:00,REFUSE,网站社会发展的是地区一个.,1
114,CALL,2025-05-21 13:04:00,PROMISE,类型论坛原因出现免费.,1
114,SMS,2025-05-22 14:10:00,\N,国际正在还是威望只有.,1
115,LETTER,2025-04-24 14:08:00,\N,资料那个原因自己使用.,1
115,SMS,2025-04-27 13:47:00,\N,会员希望查看更多他们.,1
115,CALL,2025-04-29 16:53:00,PROMISE,其中市场生活.,1
115,CALL,2025-05-02 11:02:00,PICK_UP,部门结果成为那个那些她的经营以后.,1
116,CALL,2025-06-20 18:36:00,REFUSE,他的威望介绍不能.,1
116,SMS,2025-06-21 16:30:00,\N,所以中国不断一些参加当然.,1
116,CALL,2025-06-22 16:12:00,NO_ANSWER,男人位置一些会员那么需要.,1
116,SMS,2025-06-24 14:10:00,\N,还是详细出来程序中心美国.,1
116,CALL,2025-06-28 14:26:00,REFUSE,数据能够生产.,1
116,SMS,2025-06-30 20:22:00,\N,方式来自地方加入.,1
117,SMS,2025-05-16 16:59:00,\N,注意电影事情系统起来阅读科技.,1
117,SMS,2025-05-20 19:13:00,\N,一般谢谢工作公司设计但是.,1
117,CALL,2025-05-23 20:28:00,PROMISE,浏览如果希望活动或者信息朋友之间.,1
117,CALL,2025-05-28 11:46:00,NO_ANSWER,规定如此不能很多状态.,1
118,CALL,2025-05-26 10:21:00,PICK_UP,不是业务主题经济这样.,1
118,CALL,2025-05-30 13:52:00,NO_ANSWER,环境最后过程你的.,1
118,SMS,2025-06-01 10:22:00,\N,关于对于广告价格报告.,1
118,CALL,2025-06-06 09:07:00,PICK_UP,大学全国工程因此.,1
118,CALL,2025-06-08 16:18:00,PICK_UP,就是全部环境准备注册.,1
118,SMS,2025-06-09 10:23:00,\N,建设女人通过全国.,1
118,CALL,2025-06-10 16:46:00,PROMISE,价格部分主要您的就是记者.,1
118,CALL,2025-06-14 10:17:00,PICK_UP,加入如果方式上海影响浏览谢谢但是.,1
119,CALL,2025-06-22 15:56:00,PROMISE,城市一直欢迎电子公司之间.,1
119,CALL,2025-06-26 09:29:00,NO_ANSWER,帮助以下网站经济影响说明.,1
120,SMS,2025-06-17 19:10:00,\N,联系那么广告能力最后方法程序可以.,1
120,CALL,2025-06-20 09:02:00,PROMISE,最大电话研究非常.,1
120,CALL,2025-06-24 18:02:00,PICK_UP,生产的话上海提高大家数据推荐她的.,1
120,SMS,2025-06-28 10:00:00,\N,认为手机全国.,1
121,CALL,2025-04-08 17:24:00,REFUSE,专业发表电脑下载.,1
121,CALL,2025-04-09 17:05:00,PICK_UP,部门科技女人阅读各种电子这些.,1
121,LETTER,2025-04-14 11:21:00,\N,客户作品进入工作工具类型.,1
121,CALL,2025-04-16 13:49:00,NO_ANSWER,两个不要活动只有一下.,1
121,VISIT,2025-04-18 17:20:00,\N,他们经验可以经验无法那么.,1
121,CALL,2025-04-20 15:45:00,PICK_UP,成功只有世界.,1
121,CALL,2025-04-21 11:41:00,REFUSE,为什或者以上以及方法搜索.,1
121,CALL,2025-04-23 19:18:00,PROMISE,一起一下一种日期不会.,1
121,CALL,2025-04-28 15:36:00,PROMISE,功能我的都是管理科技知道文章.,1
121,CALL,2025-05-03 16:06:00,NO_ANSWER,电子名称精华个人.,1
121,CALL,2025-05-07 18:49:00,PICK_UP,首页经验报告出来手机.,1
122,CALL,2025-06-23 13:30:00,PROMISE,可是游戏时间之后价格.,1
122,SMS,2025-06-28 10:47:00,\N,商品经济点击他的.,1
122,CALL,2025-06-29 11:04:00,PROMISE,开发单位现在怎么因为今天.,1
123,SMS,2025-06-04 15:38:00,\N,简介原因电话回复电影.,1
123,SMS,2025-06-07 18:49:00,\N,来自方法得到加入这是.,1
123,CALL,2025-06-11 18:24:00,PICK_UP,影响网上影响社会.,1
123,CALL,2025-06-14 10:10:00,REFUSE,影响大家不会.,1
124,SMS,2025-05-10 19:32:00,\N,其实注册活动客户出来.,1
124,SMS,2025-05-11 10:44:00,\N,电子同时可是就是合作介绍人民.,1
124,SMS,2025-05-13 15:49:00,\N,类型可是下载系列.,1
124,SMS,2025-05-15 14:10:00,\N,的是以下法律发现论坛国家看到.,1
124,CALL,2025-05-17 18:29:00,REFUSE,业务这样他们目前关于.,1
124,CALL,2025-05-20 10:39:00,PICK_UP,发展全部这些这是这是进行因为这个.,1
125,CALL,2025-06-23 15:51:00,PROMISE,不过不是经济什么实现.,1
125,LETTER,2025-06-27 16:50:00,\N,具有联系学校通过.,1
125,SMS,2025-06-30 19:32:00,\N,业务技术特别两个都是问题.,1
126,SMS,2025-05-16 11:02:00,\N,直接认为环境信息非常产品显示.,1
126,CALL,2025-05-21 18:54:00,NO_ANSWER,时间作品回复阅读.,1
126,CALL,2025-05-23 09:27:00,PICK_UP,组织正在汽车设备.,1
126,CALL,2025-05-28 16:20:00,PROMISE,两个中文价格时候看到人民.,1
127,LETTER,2025-06-18 14:52:00,\N,帖子显示的话这样的是以上.,1
127,CALL,2025-06-21 17:03:00,NO_ANSWER,东西而且发布企业精华她的.,1
127,SMS,2025-06-22 15:02:00,\N,的话网络情况一直喜欢科技城市.,1
127,SMS,2025-06-24 19:02:00,\N,一直日本会员那么汽车.,1
128,CALL,2025-03-25 13:13:00,PROMISE,拥有自己我的等级影响资源注册.,1
128,CALL,2025-03-28 20:32:00,PROMISE,人员专业我们下载大小信息以下方式.,1
128,SMS,2025-04-01 17:52:00,\N,一直决定日期活动一起名称.,1
128,CALL,2025-04-03 19:57:00,PICK_UP,方面解决直接的是信息最大特别是否.,1
128,CALL,2025-04-06 19:25:00,NO_ANSWER,方面作品软件公司看到使用男人.,1
128,SMS,2025-04-07 17:04:00,\N,评论那些只要的话一点网上.,1
128,CALL,2025-04-12 12:18:00,PROMISE,上海人民那些非常品牌显示等级.,1
129,CALL,2025-05-07 09:05:00,PICK_UP,比较出现音乐.,1
129,SMS,2025-05-12 11:02:00,\N,研究发布成为.,1
129,CALL,2025-05-13 12:57:00,NO_ANSWER,不要作品制作他的一点.,1
129,CALL,2025-05-16 16:04:00,REFUSE,注册质量阅读显示.,1
129,VISIT,2025-05-19 15:22:00,\N,品牌客户时间有限.,1
130,CALL,2025-03-09 09:10:00,PICK_UP,组织用户关于服务而且.,1
130,CALL,2025-03-12 10:06:00,PICK_UP,全部美国用户发表的话国内.,1
130,CALL,2025-03-17 11:44:00,PROMISE,欢迎数据谢谢开始包括名称根据教育.,1
130,CALL,2025-03-19 13:00:00,PICK_UP,你的联系发现商品密码来源.,1
131,SMS,2025-06-17 16:03:00,\N,进行语言客户技术根据.,1
131,CALL,2025-06-21 17:35:00,REFUSE,能够增加相关应用然后进入社会.,1
131,SMS,2025-06-22 13:07:00,\N,的人一个电影应用北京显示不断运行.,1
131,CALL,2025-06-25 13:21:00,PICK_UP,一切专业控制为什阅读之后.,1
131,CALL,2025-06-27 18:23:00,PROMISE,知道内容地区回复城市过程.,1
132,SMS,2025-06-18 09:46:00,\N,任何你的社会时间正在.,1
132,CALL,2025-06-21 20:32:00,PICK_UP,完全安全今天学校一直.,1
132,CALL,2025-06-22 14:42:00,NO_ANSWER,我们单位点击.,1
132,CALL,2025-06-23 09:42:00,NO_ANSWER,如何出现全部最后你的男人.,1
132,CALL,2025-06-26 18:07:00,PROMISE,电脑游戏一定男人制作已经责任.,1
133,SMS,2025-04-21 20:44:00,\N,方面提高今天您的应用控制.,1
133,CALL,2025-04-24 10:34:00,NO_ANSWER,只有当前能够资料日期.,1
133,CALL,2025-04-25 17:16:00,PICK_UP,程序发展来自类型.,1
133,CALL,2025-04-29 18:17:00,REFUSE,成功标准方面文件组织应该.,1
133,SMS,2025-05-01 14:09:00,\N,查看直接一直一直内容基本.,1
133,CALL,2025-05-02 12:12:00,PROMISE,公司两个程序应该积分男人人民.,1
133,CALL,2025-05-06 14:00:00,PICK_UP,说明大家国家今天语言当然介绍信息.,1
133,CALL,2025-05-07 14:39:00,PROMISE,开始以及到了方法历史表示北京.,1
133,SMS,2025-05-09 18:12:00,\N,所有介绍标题资料一下历史.,1
133,LETTER,2025-05-13 13:42:00,\N,都是成为全部谢谢怎么有限.,1
134,CALL,2025-05-02 20:03:00,REFUSE,通过因为生活部分地区.,1
134,CALL,2025-05-07 10:50:00,PROMISE,网上虽然必须比较那个问题通过.,1
134,CALL,2025-05-10 15:10:00,NO_ANSWER,看到需要就是支持.,1
135,CALL,2025-06-30 15:17:00,PICK_UP,过程男人搜索感觉.,1
136,CALL,2025-05-11 09:09:00,PROMISE,中国只要怎么包括中国类型公司.,1
136,CALL,2025-05-12 11:22:00,REFUSE,地方计划问题需要提高.,1
136,CALL,2025-05-14 19:56:00,NO_ANSWER,环境事情对于.,1
136,LETTER,2025-05-17 10:51:00,\N,那些地址推荐能够简介能力拥有.,1
136,CALL,2025-05-21 11:35:00,NO_ANSWER,基本影响系统.,1
136,CALL,2025-05-25 16:03:00,PICK_UP,文件国家通过因此.,1
136,SMS,2025-05-27 10:14:00,\N,用户部门完全发现行业加入发布销售.,1
137,CALL,2025-05-10 09:53:00,REFUSE,特别相关显示数据不要怎么.,1
137,CALL,2025-05-12 18:45:00,REFUSE,解决感觉作为原因增加搜索.,1
137,CALL,2025-05-15 13:24:00,PICK_UP,已经提供发布今年.,1
137,CALL,2025-05-16 09:43:00,PROMISE,进行如何点击中文文章觉得语言网站.,1
137,CALL,2025-05-17 13:28:00,NO_ANSWER,根据进行大家一个你的全国.,1
138,CALL,2025-05-08 17:01:00,PROMISE,北京报告生产显示东西.,1
138,VISIT,2025-05-11 20:16:00,\N,部门规定社会男人首页你的全国.,1
138,SMS,2025-05-13 16:07:00,\N,上海功能活动使用朋友.,1
138,LETTER,2025-05-18 15:38:00,\N,威望对于出来地方自己直接.,1
138,CALL,2025-05-21 16:00:00,PROMISE,喜欢电子时间语言单位看到.,1
138,SMS,2025-05-25 18:30:00,\N,任何音乐但是一定.,1
138,CALL,2025-05-29 18:00:00,PICK_UP,所有发展安全比较经营然后.,1
139,SMS,2025-04-14 15:18:00,\N,文章认为成为只要自己.,1
139,SMS,2025-04-19 12:12:00,\N,一般现在社会最新.,1
139,CALL,2025-04-24 18:05:00,PICK_UP,客户商品语言提高原因您的.,1
139,VISIT,2025-04-28 12:34:00,\N,当前国家上海.,1
141,CALL,2025-06-17 12:49:00,NO_ANSWER,有限上海提供的话学习地方推荐.,1
141,SMS,2025-06-19 14:44:00,\N,资源社区能力因为.,1
141,SMS,2025-06-21 15:33:00,\N,原因日本他们图片.,1
141,CALL,2025-06-23 15:42:00,REFUSE,日期支持拥有结果不要.,1
141,CALL,2025-06-25 12:12:00,PICK_UP,必须时候感觉合作次数软件孩子.,1
141,CALL,2025-06-27 17:02:00,REFUSE,不要你们全国直接出来类型作者.,1
142,CALL,2025-06-29 16:34:00,REFUSE,特别原因不能.,1
143,SMS,2025-06-12 10:21:00,\N,谢谢推荐什么学生我的.,1
143,CALL,2025-06-17 12:47:00,PICK_UP,功能系列男人或者很多地址加入.,1
143,LETTER,2025-06-22 17:17:00,\N,空间设备女人研究两个继续国家.,1
144,CALL,2025-04-28 20:59:00,REFUSE,作为主题如此什么.,1
144,CALL,2025-05-01 12:30:00,NO_ANSWER,记者资源因此人民.,1
144,CALL,2025-05-05 19:42:00,PICK_UP,论坛基本中心这个注册.,1
144,CALL,2025-05-10 10:46:00,PROMISE,生活计划时候音乐.,1
145,SMS,2025-05-05 19:10:00,\N,可以这个产品来源之间朋友我的一种.,1
145,CALL,2025-05-07 13:21:00,REFUSE,回复经济使用国际.,1
145,SMS,2025-05-12 17:45:00,\N,经验回复继续很多那么支持地区.,1
145,CALL,2025-05-16 15:52:00,PROMISE,对于起来这种下载次数已经.,1
145,LETTER,2025-05-20 16:38:00,\N,等级人民全部操作.,1
147,CALL,2025-05-08 15:30:00,PROMISE,主题任何对于推荐学生出现会员.,1
147,VISIT,2025-05-11 18:21:00,\N,或者以上他的个人人民注意首页.,1
147,CALL,2025-05-15 15:27:00,NO_ANSWER,积分关系不能有限只要这种.,1
147,CALL,2025-05-17 20:37:00,PROMISE,那个学习朋友中文全部如何只有.,1
147,SMS,2025-05-18 19:43:00,\N,生活安全报告相关.,1
147,SMS,2025-05-21 12:03:00,\N,能够她的部门经济拥有科技.,1
147,CALL,2025-05-26 16:37:00,PICK_UP,如果网站这个新闻女人.,1
148,CALL,2025-05-29 14:44:00,NO_ANSWER,我的继续完全到了.,1
148,SMS,2025-05-31 16:24:00,\N,质量一起支持生活.,1
148,CALL,2025-06-05 19:30:00,PICK_UP,首页标准方面生活地址应用.,1
148,CALL,2025-06-07 09:10:00,PICK_UP,支持方面中心论坛提高具有.,1
149,LETTER,2025-05-08 13:23:00,\N,研究品牌很多新闻密码.,1
149,CALL,2025-05-13 12:49:00,PROMISE,两个介绍功能特别.,1
149,SMS,2025-05-16 20:48:00,\N,更多价格还有运行.,1
149,SMS,2025-05-20 15:25:00,\N,价格谢谢因为不能.,1
149,CALL,2025-05-21 13:51:00,PROMISE,研究空间有些具有如果不要一直.,1
149,CALL,2025-05-23 11:38:00,REFUSE,不同由于任何只要.,1
149,CALL,2025-05-26 16:53:00,PICK_UP,图片因此不过作者查看音乐.,1
150,CALL,2025-02-14 17:07:00,PROMISE,质量注册新闻参加.,1
150,CALL,2025-02-19 10:01:00,REFUSE,阅读也是事情来源谢谢.,1
150,CALL,2025-02-22 11:18:00,PICK_UP,今年什么感觉开始.,1
151,SMS,2025-05-08 15:35:00,\N,社会个人建设这么男人.,1
151,LETTER,2025-05-11 14:12:00,\N,功能为什城市.,1
151,CALL,2025-05-14 19:21:00,NO_ANSWER,如此电脑位置其中已经.,1
151,CALL,2025-05-16 15:13:00,PROMISE,两个安全选择信息.,1
151,SMS,2025-05-19 19:01:00,\N,两个标题很多推荐必须.,1
151,CALL,2025-05-24 09:08:00,PICK_UP,表示本站进行包括网络觉得.,1
152,LETTER,2025-06-08 20:35:00,\N,出来详细研究全部进入最新参加.,1
152,CALL,2025-06-09 15:30:00,PICK_UP,这是你的喜欢不要如何.,1
152,CALL,2025-06-13 11:12:00,NO_ANSWER,类型一样出来实现方法资源图片.,1
152,CALL,2025-06-16 14:36:00,REFUSE,要求国际完成虽然.,1
152,VISIT,2025-06-18 09:15:00,\N,地方设计欢迎无法社区项目标准.,1
152,SMS,2025-06-21 15:39:00,\N,女人企业一下特别系列合作.,1
153,SMS,2025-05-17 18:23:00,\N,我的由于系列帖子如此使用对于.,1
153,CALL,2025-05-21 10:22:00,REFUSE,孩子对于电话都是希望能力.,1
153,CALL,2025-05-25 09:37:00,PROMISE,规定很多感觉如何.,1
153,CALL,2025-05-26 14:34:00,REFUSE,名称一般资源客户我们.,1
153,CALL,2025-05-30 20:43:00,REFUSE,影响发现这个特别发现帮助需要提高.,1
154,CALL,2025-04-07 19:02:00,REFUSE,一直提高关系没有自己.,1
154,CALL,2025-04-11 20:36:00,REFUSE,这里问题登录空间今年还有程序不能.,1
154,LETTER,2025-04-14 13:19:00,\N,标准参加留言我们政府功能关系你的.,1
154,CALL,2025-04-16 16:11:00,NO_ANSWER,法律就是选择全国日期.,1
156,CALL,2025-06-04 12:48:00,NO_ANSWER,国家分析注册提高.,1
156,CALL,2025-06-07 11:36:00,REFUSE,完成时间最新同时不会.,1
156,LETTER,2025-06-11 16:17:00,\N,任何名称东西这么不是位置一种.,1
156,SMS,2025-06-16 19:03:00,\N,一种建设但是的话会员基本新闻.,1
156,SMS,2025-06-17 20:19:00,\N,更新是否不能经验品牌到了生产.,1
156,LETTER,2025-06-20 20:08:00,\N,科技只要以及标题.,1
156,CALL,2025-06-24 15:02:00,NO_ANSWER,主题在线地址生产.,1
156,SMS,2025-06-29 11:16:00,\N,等级最新手机资料联系提高以后.,1
158,CALL,2025-05-15 17:07:00,PICK_UP,市场大学那些美国.,1
158,CALL,2025-05-16 15:38:00,PROMISE,精华一次喜欢解决孩子电脑.,1
158,SMS,2025-05-18 20:06:00,\N,那么作品那些的是.,1
158,CALL,2025-05-20 20:46:00,PICK_UP,显示行业一点现在这是作品.,1
158,LETTER,2025-05-25 19:53:00,\N,一种你的同时.,1
158,SMS,2025-05-30 17:10:00,\N,一种标准建设那么全部在线.,1
158,CALL,2025-05-31 18:11:00,REFUSE,设计市场时间客户.,1
159,CALL,2025-05-31 09:53:00,PICK_UP,责任看到地区开始地址教育投资.,1
159,CALL,2025-06-04 14:41:00,PROMISE,因此操作可能责任一定相关.,1
159,CALL,2025-06-08 19:28:00,PROMISE,而且的话部门资源发生类型.,1
159,SMS,2025-06-12 19:32:00,\N,名称活动可能特别更多环境标题.,1
159,CALL,2025-06-17 12:35:00,PROMISE,网站产品成功市场社会论坛日期学校.,1
159,CALL,2025-06-22 16:07:00,NO_ANSWER,处理这样非常.,1
159,CALL,2025-06-27 13:03:00,PROMISE,全部控制作者因为责任登录.,1
159,CALL,2025-06-28 10:44:00,PICK_UP,其实技术还有简介国家.,1
160,CALL,2025-06-03 20:48:00,PICK_UP,建设销售情况.,1
160,CALL,2025-06-05 14:43:00,PICK_UP,还有可以欢迎网上特别如果.,1
160,CALL,2025-06-10 12:43:00,PICK_UP,开始之后以上时间特别.,1
160,SMS,2025-06-11 20:00:00,\N,查看不能以下.,1
160,CALL,2025-06-14 15:18:00,PROMISE,国内发布企业注意一个感觉当然.,1
161,LETTER,2025-04-27 13:38:00,\N,东西加入技术成功必须安全.,1
161,CALL,2025-04-30 17:11:00,REFUSE,事情客户论坛包括活动学生行业.,1
161,CALL,2025-05-03 17:40:00,PROMISE,不断游戏进行服务.,1
161,CALL,2025-05-04 19:06:00,REFUSE,控制拥有全部起来.,1
161,CALL,2025-05-07 15:07:00,PROMISE,时候销售质量发表.,1
161,CALL,2025-05-10 20:44:00,PICK_UP,能够工程学生管理或者.,1
161,CALL,2025-05-11 19:09:00,REFUSE,用户位置国际只是一种也是数据.,1
161,LETTER,2025-05-12 10:16:00,\N,因为语言留言其实.,1
161,CALL,2025-05-13 15:36:00,REFUSE,工作软件网站特别这是一切.,1
161,VISIT,2025-05-16 09:10:00,\N,地区大家你们帖子一起.,1
161,CALL,2025-05-17 14:23:00,PROMISE,功能环境名称学生中国之间最大.,1
161,SMS,2025-05-18 17:44:00,\N,公司一样不能会员来源关于拥有所有.,1
162,CALL,2025-04-23 17:33:00,PICK_UP,他的公司发展那些.,1
162,CALL,2025-04-28 16:01:00,REFUSE,学生以下现在一起单位因此.,1
162,LETTER,2025-05-02 16:58:00,\N,部门以后情况相关.,1
162,SMS,2025-05-04 14:52:00,\N,市场起来拥有主要影响以上点击.,1
162,CALL,2025-05-09 12:04:00,PICK_UP,朋友相关文件正在生产.,1
162,LETTER,2025-05-13 11:29:00,\N,项目如此提高可以.,1
163,CALL,2025-05-28 20:14:00,PROMISE,由于登录电影技术.,1
163,CALL,2025-05-29 18:56:00,PROMISE,电脑应用那么本站可是程序.,1
163,VISIT,2025-05-31 10:41:00,\N,喜欢有限虽然时候由于类型发布.,1
163,CALL,2025-06-04 14:15:00,NO_ANSWER,电脑的是汽车日本记者.,1
163,CALL,2025-06-09 13:03:00,NO_ANSWER,来源学生组织自己只要.,1
163,SMS,2025-06-11 19:52:00,\N,而且行业通过相关到了一起.,1
163,SMS,2025-06-15 16:40:00,\N,技术学校电子日期操作一定国际人民.,1
164,SMS,2025-03-07 09:39:00,\N,法律进行一些东西.,1
164,SMS,2025-03-11 09:32:00,\N,不要开发一起解决.,1
164,CALL,2025-03-12 18:12:00,PROMISE,如果首页系统选择注意.,1
164,CALL,2025-03-16 15:00:00,REFUSE,不能其实设备当前那些必须.,1
164,LETTER,2025-03-17 18:58:00,\N,报告产品登录作品法律专业选择.,1
164,SMS,2025-03-19 09:45:00,\N,准备社会影响为什不要出来数据.,1
164,CALL,2025-03-20 12:46:00,NO_ANSWER,威望男人要求部分.,1
164,VISIT,2025-03-21 15:39:00,\N,来自来自日本注意电话经济我们商品.,1
164,CALL,2025-03-23 12:20:00,PICK_UP,有关可以数据都是文化.,1
165,CALL,2025-06-27 11:20:00,PICK_UP,欢迎只有威望.,1
165,CALL,2025-06-28 18:10:00,NO_ANSWER,关于活动一起一直推荐提高公司一起.,1
166,CALL,2025-06-21 15:42:00,REFUSE,完全如此当前怎么具有.,1
166,LETTER,2025-06-26 19:26:00,\N,程序这个文化深圳状态拥有女人活动.,1
166,CALL,2025-06-28 17:22:00,PROMISE,会员详细电话.,1
167,SMS,2025-06-06 17:54:00,\N,可是以上如何类型要求.,1
167,SMS,2025-06-07 09:09:00,\N,然后当前而且非常目前虽然.,1
167,CALL,2025-06-12 10:59:00,PICK_UP,国内完成公司开发知道特别地址最大.,1
167,VISIT,2025-06-16 12:29:00,\N,这是一次如果组织发现经济帮助.,1
167,CALL,2025-06-21 13:32:00,PICK_UP,因此首页为了记者网上起来感觉.,1
167,CALL,2025-06-26 19:37:00,NO_ANSWER,简介今天不断完全.,1
167,CALL,2025-06-27 15:45:00,PROMISE,这样任何非常科技.,1
167,CALL,2025-06-29 12:23:00,NO_ANSWER,方法行业帮助空间标题.,1
168,SMS,2025-05-05 09:05:00,\N,销售如此看到欢迎完全.,1
168,LETTER,2025-05-06 14:49:00,\N,主题只要大学喜欢文化不要.,1
168,CALL,2025-05-08 13:26:00,PROMISE,一种因此也是投资选择有些名称.,1
168,CALL,2025-05-09 14:14:00,NO_ANSWER,时候最后系列地方主要.,1
168,CALL,2025-05-13 13:41:00,REFUSE,城市项目基本非常由于你的.,1
168,VISIT,2025-05-17 09:17:00,\N,不会免费需要运行为什.,1
168,CALL,2025-05-18 14:40:00,NO_ANSWER,历史知道广告自己政府发表.,1
168,SMS,2025-05-21 09:55:00,\N,还有自己继续无法上海注册经验最后.,1
169,CALL,2025-04-09 11:39:00,REFUSE,网上所有密码上海选择.,1
169,CALL,2025-04-12 18:45:00,PROMISE,项目不会您的发现继续点击威望报告.,1
169,SMS,2025-04-13 09:56:00,\N,以及中国进入事情密码系列为了.,1
169,CALL,2025-04-14 17:34:00,PROMISE,企业组织一定.,1
169,CALL,2025-04-17 16:12:00,NO_ANSWER,一点欢迎部分自己.,1
169,CALL,2025-04-22 19:38:00,PROMISE,继续中心大小以及.,1
169,CALL,2025-04-23 10:32:00,PICK_UP,继续生活文件次数当然.,1
169,CALL,2025-04-28 20:56:00,PICK_UP,一般选择公司工作个人日本能够.,1
169,CALL,2025-05-02 16:09:00,PROMISE,电影设备工程内容免费同时位置.,1
169,SMS,2025-05-04 10:15:00,\N,一般研究方面经营朋友不会市场.,1
169,SMS,2025-05-05 19:11:00,\N,今天论坛规定这些不过.,1
170,CALL,2025-04-16 14:58:00,NO_ANSWER,必须这个一次系列.,1
170,CALL,2025-04-21 14:08:00,PROMISE,控制服务重要系统个人个人使用.,1
170,CALL,2025-04-25 12:42:00,NO_ANSWER,环境加入电话更多的话世界.,1
170,CALL,2025-04-30 20:19:00,REFUSE,现在如何合作不是.,1
170,CALL,2025-05-02 12:31:00,PROMISE,原因进入中心服务以及.,1
171,CALL,2025-06-18 11:34:00,PROMISE,怎么大小如果组织当然中心会员.,1
171,CALL,2025-06-21 13:53:00,REFUSE,不要相关资源就是以下比较.,1
171,CALL,2025-06-25 11:01:00,PICK_UP,日期深圳今年销售.,1
171,CALL,2025-06-30 13:03:00,PICK_UP,部分完全个人能力能力开发图片技术.,1
172,CALL,2025-04-22 18:23:00,REFUSE,具有所有一直学校学生方式.,1
172,SMS,2025-04-26 14:12:00,\N,社区孩子一定生产.,1
172,CALL,2025-05-01 17:35:00,NO_ANSWER,对于有些世界社会免费点击网站.,1
172,CALL,2025-05-02 14:08:00,REFUSE,还有城市全部完成因为自己时候.,1
172,CALL,2025-05-03 19:38:00,PROMISE,需要标题本站数据因为.,1
172,SMS,2025-05-06 18:37:00,\N,的话免费孩子进行广告责任市场.,1
172,CALL,2025-05-09 14:51:00,PICK_UP,如果这里那些语言合作.,1
172,CALL,2025-05-14 10:49:00,REFUSE,什么出来研究加入回复.,1
173,CALL,2025-06-06 18:50:00,PROMISE,这么决定来自因此是否已经提供.,1
173,LETTER,2025-06-11 16:58:00,\N,有限品牌业务.,1
173,CALL,2025-06-16 10:46:00,REFUSE,如果查看继续重要结果.,1
173,CALL,2025-06-21 17:05:00,REFUSE,得到工具是一起来国家精华一起.,1
173,SMS,2025-06-22 10:35:00,\N,状态可是登录根据一些之间一个.,1
173,SMS,2025-06-25 11:17:00,\N,就是积分还有应用更新现在不要.,1
173,CALL,2025-06-30 17:40:00,REFUSE,城市成功的人这里来源希望我的.,1
174,CALL,2025-05-10 13:50:00,REFUSE,生产空间社区发表这么.,1
174,LETTER,2025-05-15 13:52:00,\N,这么电影继续就是实现.,1
174,CALL,2025-05-18 13:12:00,NO_ANSWER,活动同时电影专业更新社区.,1
174,SMS,2025-05-20 15:47:00,\N,正在支持这个那么历史制作为什不断.,1
174,CALL,2025-05-21 11:36:00,REFUSE,销售成功实现关于技术.,1
175,CALL,2025-05-18 11:24:00,PROMISE,以及一直或者通过社区.,1
175,CALL,2025-05-22 16:34:00,REFUSE,东西大小不会发生方式.,1
175,LETTER,2025-05-24 18:19:00,\N,一点投资而且.,1
175,CALL,2025-05-28 16:53:00,REFUSE,表示城市最后这种.,1
175,LETTER,2025-06-02 10:47:00,\N,人民标题国内如此销售各种组织.,1
175,LETTER,2025-06-05 17:00:00,\N,开发留言非常专业这种.,1
176,CALL,2025-06-20 12:20:00,NO_ANSWER,项目各种得到深圳看到下载决定.,1
176,CALL,2025-06-23 17:59:00,REFUSE,关于是一一种表示喜欢留言美国.,1
176,CALL,2025-06-25 11:19:00,PICK_UP,用户成为孩子这种方式.,1
176,LETTER,2025-06-29 13:31:00,\N,国家我的是一.,1
178,SMS,2025-06-01 17:43:00,\N,比较直接一下不要决定.,1
178,VISIT,2025-06-04 13:53:00,\N,原因这个提供那些精华.,1
178,CALL,2025-06-05 09:28:00,NO_ANSWER,无法游戏积分参加不是.,1
178,CALL,2025-06-06 11:27:00,PICK_UP,有关实现组织工程各种电话.,1
179,CALL,2025-06-09 11:21:00,REFUSE,广告一般得到城市地址.,1
179,CALL,2025-06-13 17:47:00,NO_ANSWER,无法开发关于完全服务两个.,1
179,CALL,2025-06-18 11:42:00,PROMISE,名称以上只是你的自己自己必须.,1
179,CALL,2025-06-23 17:20:00,REFUSE,一样全国下载.,1
179,SMS,2025-06-27 10:49:00,\N,大学可能分析得到查看一直.,1
180,LETTER,2025-04-08 20:03:00,\N,有些认为实现阅读地址任何音乐投资.,1
180,CALL,2025-04-13 18:13:00,PROMISE,支持怎么不要您的出来一些管理.,1
180,SMS,2025-04-15 16:04:00,\N,国内记者主题她的时间精华文章.,1
180,SMS,2025-04-19 14:44:00,\N,信息同时到了情况新闻如此管理.,1
180,SMS,2025-04-24 16:33:00,\N,论坛新闻目前进入.,1
180,CALL,2025-04-29 18:35:00,REFUSE,程序没有最大我们标准喜欢.,1
180,CALL,2025-05-03 13:51:00,REFUSE,当前行业开发所有这是一直为什.,1
180,LETTER,2025-05-07 19:43:00,\N,不断一切以及查看.,1
180,SMS,2025-05-11 17:40:00,\N,操作来自很多主要.,1
180,CALL,2025-05-12 14:21:00,PICK_UP,销售一次精华开发深圳最后.,1
180,LETTER,2025-05-16 17:00:00,\N,是否电脑用户论坛市场全国.,1
180,CALL,2025-05-21 19:52:00,PICK_UP,还有看到也是出现任何发生不断.,1
181,CALL,2025-05-09 15:35:00,REFUSE,虽然作者更多计划类别推荐怎么.,1
181,CALL,2025-05-12 19:06:00,NO_ANSWER,希望朋友新闻深圳最新回复注意.,1
181,CALL,2025-05-13 13:03:00,PICK_UP,法律主题的话空间最新质量.,1
181,SMS,2025-05-16 14:43:00,\N,商品等级会员专业论坛这样.,1
181,CALL,2025-05-17 13:08:00,PROMISE,安全记者活动论坛开发或者.,1
181,CALL,2025-05-19 16:55:00,PICK_UP,之间游戏正在您的自己广告公司.,1
181,CALL,2025-05-22 12:47:00,PICK_UP,一下自己质量发表帖子制作.,1
181,CALL,2025-05-25 11:02:00,NO_ANSWER,开始然后研究但是.,1
181,CALL,2025-05-26 16:05:00,PICK_UP,问题基本国际完成设计类型管理.,1
182,CALL,2025-06-18 20:06:00,PICK_UP,主题网站当然大小.,1
182,CALL,2025-06-21 20:30:00,PROMISE,主题控制成为就是朋友看到全部.,1
182,CALL,2025-06-24 12:51:00,PICK_UP,功能首页通过介绍开始学生责任.,1
183,SMS,2025-06-11 12:08:00,\N,觉得作为安全地区一起精华.,1
183,LETTER,2025-06-13 13:00:00,\N,电脑城市能够日本回复经济以上.,1
183,SMS,2025-06-16 17:29:00,\N,联系电话来源广告什么会员来源.,1
183,VISIT,2025-06-19 12:00:00,\N,设备品牌数据北京方面.,1
183,SMS,2025-06-21 17:48:00,\N,过程作为孩子说明回复支持.,1
183,CALL,2025-06-25 15:33:00,REFUSE,有限知道游戏上海很多报告.,1
183,CALL,2025-06-28 12:48:00,REFUSE,希望可能发展.,1
184,SMS,2025-03-27 20:58:00,\N,这里浏览就是认为.,1
184,CALL,2025-04-01 17:24:00,NO_ANSWER,开始加入企业.,1
184,CALL,2025-04-06 16:34:00,PICK_UP,服务发现我的信息次数标题记者.,1
184,CALL,2025-04-07 11:09:00,REFUSE,精华系列完成.,1
184,CALL,2025-04-11 19:58:00,NO_ANSWER,安全一般发表其他他的您的.,1
184,SMS,2025-04-15 14:50:00,\N,人民公司回复专业由于内容.,1
184,CALL,2025-04-18 11:08:00,PICK_UP,无法组织发表人民.,1
184,CALL,2025-04-19 11:51:00,NO_ANSWER,影响日本系列所以孩子次数关系.,1
184,SMS,2025-04-24 09:25:00,\N,发现朋友投资社区经验合作.,1
184,SMS,2025-04-25 13:42:00,\N,这是各种安全客户是否生产免费认为.,1
184,CALL,2025-04-26 19:16:00,PICK_UP,学习显示次数支持全部可能.,1
185,CALL,2025-06-23 17:20:00,REFUSE,一次以上全部数据关系朋友关系.,1
185,CALL,2025-06-28 17:07:00,NO_ANSWER,完全时间所有你们.,1
186,SMS,2025-04-05 13:38:00,\N,关系特别公司由于更新.,1
186,CALL,2025-04-09 19:54:00,REFUSE,可是登录程序都是.,1
186,SMS,2025-04-12 18:41:00,\N,说明可能表示是否感觉建设.,1
186,CALL,2025-04-16 11:55:00,NO_ANSWER,过程深圳次数特别.,1
186,CALL,2025-04-20 17:24:00,PICK_UP,已经一点有限回复东西制作最新欢迎.,1
186,CALL,2025-04-23 20:08:00,NO_ANSWER,运行下载主题一点生产以后.,1
186,CALL,2025-04-27 10:48:00,REFUSE,图片所以重要之后.,1
186,LETTER,2025-04-29 18:46:00,\N,没有回复广告中国知道.,1
186,CALL,2025-04-30 11:50:00,NO_ANSWER,文件这里出现地方程序.,1
187,CALL,2025-06-01 13:14:00,PICK_UP,都是看到本站全国大学朋友首页.,1
187,CALL,2025-06-04 09:31:00,REFUSE,她的设计地区出现.,1
187,SMS,2025-06-08 19:17:00,\N,记者信息问题到了工程精华下载非常.,1
187,SMS,2025-06-10 18:27:00,\N,这里最大比较一次技术问题.,1
188,CALL,2025-05-11 12:46:00,PICK_UP,专业的话广告的是就是具有方面.,1
188,SMS,2025-05-15 20:33:00,\N,功能公司主要.,1
188,CALL,2025-05-18 13:23:00,PROMISE,处理发布问题过程类型为什地区音乐.,1
188,CALL,2025-05-22 18:42:00,REFUSE,公司欢迎计划继续基本方面生活.,1
188,VISIT,2025-05-23 20:53:00,\N,日期管理参加增加公司能够.,1
188,CALL,2025-05-27 18:28:00,NO_ANSWER,完成标题大家业务.,1
188,CALL,2025-05-29 10:56:00,NO_ANSWER,虽然一切网上一下制作报告.,1
188,CALL,2025-05-31 16:07:00,REFUSE,注册网络说明根据评论同时其他.,1
188,CALL,2025-06-01 18:22:00,REFUSE,名称行业她的影响不断项目.,1
188,SMS,2025-06-03 09:57:00,\N,一样什么选择.,1
189,CALL,2025-06-16 16:27:00,REFUSE,联系然后具有部门工作日期这么.,1
189,CALL,2025-06-21 20:52:00,REFUSE,都是今年主要加入.,1
189,LETTER,2025-06-23 10:07:00,\N,国际信息美国欢迎然后提供.,1
189,CALL,2025-06-25 12:12:00,NO_ANSWER,大家拥有很多科技支持上海.,1
189,CALL,2025-06-30 14:32:00,NO_ANSWER,如何而且之间开发更新可能精华帖子.,1
190,CALL,2025-06-06 15:31:00,REFUSE,上海论坛标准作品.,1
190,CALL,2025-06-07 10:00:00,PICK_UP,图片资料名称然后还有.,1
190,SMS,2025-06-11 12:15:00,\N,控制这些深圳还有的是一点全国他们.,1
190,SMS,2025-06-16 13:37:00,\N,位置电脑这是空间在线.,1
190,CALL,2025-06-18 13:26:00,REFUSE,日期帖子报告这是合作方法.,1
191,CALL,2025-04-20 16:36:00,REFUSE,大学看到本站空间大小.,1
191,CALL,2025-04-22 12:50:00,REFUSE,有限注意包括广告设备非常.,1
191,LETTER,2025-04-25 11:19:00,\N,投资这么分析位置表示教育部门.,1
191,CALL,2025-04-26 13:59:00,NO_ANSWER,一种论坛朋友的是类型关于来自要求.,1
191,CALL,2025-04-28 14:59:00,REFUSE,作为起来这些发现销售建设.,1
191,CALL,2025-04-30 17:24:00,REFUSE,积分这个学校主要在线.,1
191,CALL,2025-05-01 19:47:00,PROMISE,经济人员新闻还有关系.,1
191,VISIT,2025-05-04 12:59:00,\N,那么会员成为业务一般觉得.,1
192,SMS,2025-03-29 20:41:00,\N,正在经营只有这个.,1
192,VISIT,2025-04-01 15:07:00,\N,她的朋友信息这是法律专业技术.,1
192,CALL,2025-04-03 20:31:00,PROMISE,因为公司软件.,1
192,CALL,2025-04-07 09:10:00,NO_ANSWER,很多不要继续只是非常不要地方.,1
192,CALL,2025-04-09 11:04:00,PROMISE,作者可是标准一些留言报告.,1
192,CALL,2025-04-14 15:32:00,NO_ANSWER,或者学校我的项目其实.,1
192,LETTER,2025-04-18 15:17:00,\N,部分女人不能这里政府.,1
192,CALL,2025-04-20 09:39:00,PICK_UP,点击他的资源活动而且直接国家.,1
192,SMS,2025-04-25 15:00:00,\N,公司工程所以位置.,1
192,VISIT,2025-04-28 19:40:00,\N,之间其实投资系列标准是一政府.,1
192,CALL,2025-04-30 18:19:00,PICK_UP,到了深圳数据如何公司一些.,1
194,LETTER,2025-05-08 20:24:00,\N,原因更多制作感觉.,1
194,SMS,2025-05-12 15:22:00,\N,大家首页评论一个服务显示系统.,1
194,CALL,2025-05-15 10:47:00,PROMISE,价格单位个人.,1
194,CALL,2025-05-19 20:27:00,PROMISE,就是我的基本处理运行.,1
194,CALL,2025-05-24 20:22:00,REFUSE,非常威望在线或者电影所以名称.,1
194,LETTER,2025-05-26 09:21:00,\N,报告欢迎为了类型电子.,1
194,CALL,2025-05-28 19:02:00,NO_ANSWER,开发注册的话服务.,1
195,CALL,2025-06-22 12:14:00,PICK_UP,经济最大方面电脑.,1
195,CALL,2025-06-27 20:47:00,REFUSE,研究公司免费中心只要.,1
195,SMS,2025-06-28 14:47:00,\N,推荐然后品牌.,1
195,CALL,2025-06-29 14:53:00,REFUSE,自己那个留言空间地址.,1
196,LETTER,2025-05-24 18:22:00,\N,类型我的您的不能实现建设关系.,1
196,CALL,2025-05-29 09:26:00,PROMISE,电脑搜索在线需要音乐大家.,1
196,CALL,2025-06-01 12:31:00,PROMISE,他的那些工作情况运行价格进行.,1
196,SMS,2025-06-02 15:22:00,\N,规定电影人民自己.,1
196,LETTER,2025-06-05 20:12:00,\N,男人加入评论事情阅读都是价格.,1
197,CALL,2025-05-05 12:05:00,NO_ANSWER,作为社会电子在线结果.,1
197,CALL,2025-05-06 18:40:00,PICK_UP,程序的人作为提高不是发表直接.,1
197,CALL,2025-05-07 12:15:00,NO_ANSWER,非常比较那些学生直接以及一般.,1
197,CALL,2025-05-11 12:03:00,PICK_UP,如何只有可能一种.,1
198,CALL,2025-06-14 11:14:00,REFUSE,安全安全信息支持合作.,1
198,SMS,2025-06-18 11:15:00,\N,地方日期日本主题同时公司为什.,1
198,LETTER,2025-06-22 17:23:00,\N,对于没有重要表示只是资源.,1
199,SMS,2025-03-13 16:13:00,\N,操作如果你们资料可是政府.,1
199,VISIT,2025-03-16 20:00:00,\N,提供发布市场一种详细.,1
199,CALL,2025-03-18 16:10:00,NO_ANSWER,记者包括但是为了进行.,1
199,CALL,2025-03-22 10:01:00,REFUSE,的话生活更新次数地区那些.,1
199,CALL,2025-03-23 10:16:00,NO_ANSWER,广告发布介绍专业.,1
199,CALL,2025-03-25 13:17:00,REFUSE,你的自己基本自己.,1
199,LETTER,2025-03-26 10:23:00,\N,而且类型威望法律.,1
199,SMS,2025-03-30 10:32:00,\N,中文中心详细增加广告进行完全研究.,1
199,SMS,2025-04-01 16:35:00,\N,中文活动表示自己完成.,1
200,SMS,2025-05-05 13:43:00,\N,我们记者完成.,1
200,LETTER,2025-05-09 18:07:00,\N,安全发表东西直接合作.,1
200,SMS,2025-05-11 14:31:00,\N,经济这是更多规定成功提供.,1
200,CALL,2025-05-12 11:23:00,NO_ANSWER,学校如何价格进入标题所以如此.,1
200,CALL,2025-05-17 09:53:00,NO_ANSWER,当然日本网上.,1
200,SMS,2025-05-22 13:30:00,\N,男人因此进入.,1
200,CALL,2025-05-23 18:44:00,REFUSE,日期研究能够很多正在同时.,1
200,CALL,2025-05-28 09:57:00,REFUSE,查看质量状态公司喜欢上海当前.,1
201,CALL,2025-06-18 09:28:00,REFUSE,上海虽然广告系统发生.,1
201,CALL,2025-06-23 16:56:00,NO_ANSWER,工程还有中文标准东西作者出现.,1
201,CALL,2025-06-26 13:33:00,PROMISE,威望不能是一两个一起.,1
201,LETTER,2025-06-29 09:39:00,\N,我的以及还有关系是否要求情况决定.,1
202,CALL,2025-03-07 18:59:00,PICK_UP,程序人员方面.,1
202,SMS,2025-03-09 15:39:00,\N,操作威望生产欢迎制作不能.,1
202,SMS,2025-03-11 17:05:00,\N,管理技术用户学习的话很多最大.,1
202,CALL,2025-03-16 14:33:00,PROMISE,也是提供不同决定首页.,1
202,CALL,2025-03-18 15:11:00,PICK_UP,重要的人控制工具最大方法准备查看.,1
202,CALL,2025-03-19 18:16:00,PROMISE,注册规定经验关于问题可以文章.,1
202,CALL,2025-03-23 14:11:00,REFUSE,政府业务个人内容生产详细工具.,1
202,SMS,2025-03-26 13:52:00,\N,认为作者时候包括提高建设.,1
202,CALL,2025-03-28 18:45:00,REFUSE,论坛这是他们只是他们一般来源.,1
202,CALL,2025-04-02 12:29:00,PICK_UP,推荐能够名称来源欢迎.,1
203,SMS,2025-06-08 19:56:00,\N,计划服务最后个人任何今天.,1
203,CALL,2025-06-13 12:49:00,PICK_UP,进行开始我的.,1
203,LETTER,2025-06-18 13:25:00,\N,可以计划注意登录.,1
203,SMS,2025-06-23 10:49:00,\N,不过处理男人位置搜索.,1
203,LETTER,2025-06-28 19:41:00,\N,可是喜欢教育你们网站社会生活.,1
203,CALL,2025-06-30 12:49:00,REFUSE,首页地区点击大家密码.,1
204,CALL,2025-06-30 11:11:00,NO_ANSWER,单位喜欢位置联系市场.,1
205,SMS,2025-04-13 13:56:00,\N,发展支持他的是一.,1
205,SMS,2025-04-18 18:20:00,\N,有关一下手机欢迎以下.,1
205,LETTER,2025-04-23 18:21:00,\N,来源所以合作点击介绍.,1
205,LETTER,2025-04-26 15:38:00,\N,感觉销售如此虽然只要国家国际.,1
206,VISIT,2025-04-29 17:56:00,\N,软件中心历史.,1
206,CALL,2025-05-04 09:58:00,NO_ANSWER,而且密码电脑.,1
206,SMS,2025-05-08 16:09:00,\N,等级内容不断评论.,1
206,VISIT,2025-05-13 17:43:00,\N,你们主题要求运行位置点击.,1
207,SMS,2025-05-08 11:46:00,\N,人民女人提供喜欢管理.,1
207,SMS,2025-05-12 12:45:00,\N,业务那么大小国家一些一次一般加入.,1
207,CALL,2025-05-15 09:49:00,PICK_UP,软件信息学生密码制作中国.,1
207,LETTER,2025-05-19 10:08:00,\N,如此现在等级.,1
207,CALL,2025-05-23 15:32:00,NO_ANSWER,世界说明音乐信息浏览.,1
208,SMS,2025-04-17 20:59:00,\N,电脑不过电子不会深圳女人详细.,1
208,CALL,2025-04-19 10:00:00,NO_ANSWER,网站决定环境单位广告科技.,1
208,CALL,2025-04-21 15:37:00,REFUSE,评论我的美国联系其中参加会员服务.,1
208,CALL,2025-04-25 20:49:00,PROMISE,事情联系成为科技不能表示你们.,1
208,SMS,2025-04-26 16:47:00,\N,最后更新这样进入方式.,1
208,CALL,2025-04-30 19:19:00,REFUSE,部门一样表示建设.,1
209,CALL,2025-03-23 14:10:00,PROMISE,个人详细的话那些两个问题.,1
209,SMS,2025-03-28 18:00:00,\N,不断责任我的标准.,1
209,CALL,2025-03-29 13:07:00,PROMISE,音乐评论免费经济必须地址城市.,1
209,CALL,2025-04-02 11:21:00,PROMISE,会员个人之后.,1
209,SMS,2025-04-03 20:50:00,\N,不过感觉可能能够注意语言.,1
209,CALL,2025-04-05 11:24:00,NO_ANSWER,游戏评论任何使用.,1
209,LETTER,2025-04-06 12:15:00,\N,方式数据应该主要一直一些.,1
209,CALL,2025-04-07 10:48:00,NO_ANSWER,游戏你的合作到了直接产品.,1
209,VISIT,2025-04-10 15:07:00,\N,政府发现一下安全美国.,1
209,CALL,2025-04-14 11:57:00,PICK_UP,成功为什搜索处理地址电影结果.,1
210,CALL,2025-05-18 15:34:00,NO_ANSWER,论坛回复参加.,1
210,SMS,2025-05-21 15:41:00,\N,来自质量可以您的知道应该.,1
210,SMS,2025-05-24 11:12:00,\N,国际感觉学生名称喜欢名称不过之间.,1
211,CALL,2025-05-08 15:20:00,PROMISE,情况起来网站系列进入运行您的.,1
211,LETTER,2025-05-09 18:13:00,\N,回复品牌原因都是如此.,1
211,CALL,2025-05-12 19:39:00,PROMISE,之间什么信息可能个人需要.,1
211,CALL,2025-05-14 17:49:00,PICK_UP,科技是否起来你们.,1
211,CALL,2025-05-17 16:25:00,NO_ANSWER,查看方法作为虽然个人登录开始.,1
211,CALL,2025-05-19 12:52:00,REFUSE,评论什么本站开始大小不是.,1
211,CALL,2025-05-24 12:06:00,PROMISE,全国只要企业那么内容大学.,1
212,CALL,2025-05-01 14:19:00,PROMISE,回复关于网上技术下载.,1
212,LETTER,2025-05-04 11:11:00,\N,的是项目拥有只要直接.,1
212,CALL,2025-05-05 19:49:00,PICK_UP,网上能力等级完全觉得.,1
212,SMS,2025-05-06 15:40:00,\N,具有当然城市没有.,1
212,CALL,2025-05-08 20:32:00,REFUSE,空间自己中文类别其中.,1
212,LETTER,2025-05-13 09:16:00,\N,全部地区一些工作研究主题.,1
212,VISIT,2025-05-16 19:49:00,\N,城市文化结果其实.,1
212,CALL,2025-05-20 14:16:00,REFUSE,开始发表系列最大报告内容.,1
212,CALL,2025-05-24 14:55:00,PICK_UP,网络网站日期朋友一些.,1
212,SMS,2025-05-29 14:38:00,\N,专业环境其中类别.,1
212,LETTER,2025-05-30 12:44:00,\N,一点具有来源过程质量生产回复.,1
212,CALL,2025-06-01 11:50:00,PROMISE,之后部分因为只要他们或者.,1
213,CALL,2025-04-25 11:51:00,NO_ANSWER,图片开发都是工具.,1
213,LETTER,2025-04-30 15:25:00,\N,单位一下管理正在社区.,1
213,CALL,2025-05-01 12:40:00,REFUSE,软件自己人员地区一点电脑单位网络.,1
213,CALL,2025-05-03 09:40:00,PROMISE,说明是否图片还是可是不同就是.,1
213,CALL,2025-05-05 19:59:00,REFUSE,一样需要文章一样欢迎经营是否.,1
213,CALL,2025-05-09 13:56:00,NO_ANSWER,来自搜索活动然后影响工作深圳.,1
213,CALL,2025-05-12 14:11:00,NO_ANSWER,一种人民情况经济社会.,1
213,LETTER,2025-05-14 16:13:00,\N,拥有阅读不同作者在线网站网上.,1
213,SMS,2025-05-16 12:44:00,\N,那么公司学习标准.,1
213,CALL,2025-05-18 18:15:00,PICK_UP,设备广告出现提高.,1
213,CALL,2025-05-22 12:34:00,PROMISE,软件名称文化.,1
213,CALL,2025-05-27 10:03:00,PROMISE,谢谢各种部分软件位置.,1
214,CALL,2025-06-07 17:19:00,PROMISE,这样来自增加技术参加.,1
214,CALL,2025-06-10 14:08:00,PROMISE,行业一定的话.,1
214,LETTER,2025-06-14 11:10:00,\N,环境音乐的是孩子实现.,1
214,CALL,2025-06-18 14:05:00,PROMISE,起来一直深圳需要不是.,1
214,CALL,2025-06-22 14:10:00,PROMISE,但是内容市场我的.,1
214,CALL,2025-06-24 13:25:00,PROMISE,过程质量谢谢工程.,1
215,CALL,2025-04-26 11:20:00,REFUSE,标准发生其实学习要求.,1
215,CALL,2025-04-28 20:43:00,PICK_UP,工作系统选择.,1
215,SMS,2025-04-29 19:43:00,\N,活动作者回复关系.,1
215,CALL,2025-04-30 18:23:00,PROMISE,增加经验不要程序设备经济历史.,1
215,LETTER,2025-05-05 14:39:00,\N,网站事情最后分析行业精华进行.,1
215,CALL,2025-05-07 20:52:00,NO_ANSWER,电话控制密码处理信息.,1
216,SMS,2025-06-10 16:10:00,\N,地方方面资料大家虽然法律自己.,1
216,CALL,2025-06-12 09:06:00,NO_ANSWER,女人应该进入标准行业.,1
216,CALL,2025-06-14 19:31:00,REFUSE,介绍重要地方电子.,1
216,VISIT,2025-06-17 17:41:00,\N,时候能够其实全国下载.,1
216,LETTER,2025-06-21 10:10:00,\N,品牌不是等级状态.,1
216,CALL,2025-06-24 15:10:00,PICK_UP,显示名称有限直接你的.,1
217,LETTER,2025-06-22 12:43:00,\N,自己一样能力全部作者推荐需要.,1
217,CALL,2025-06-23 17:48:00,NO_ANSWER,注册方面你的可以论坛以上地区.,1
217,LETTER,2025-06-24 13:36:00,\N,根据谢谢表示电话学校.,1
217,CALL,2025-06-26 12:37:00,PICK_UP,研究免费准备为了.,1
217,LETTER,2025-06-27 19:09:00,\N,一点所以我的然后.,1
217,CALL,2025-06-28 18:35:00,PICK_UP,有限得到类型基本分析出现这个.,1
217,CALL,2025-06-30 17:21:00,PICK_UP,出现一个两个网上城市不过.,1
218,CALL,2025-04-06 10:24:00,PICK_UP,介绍新闻认为但是内容这种地区网站.,1
218,CALL,2025-04-10 15:59:00,PROMISE,得到以及的人朋友质量发展.,1
218,CALL,2025-04-12 16:33:00,REFUSE,计划积分等级更多下载一切.,1
218,CALL,2025-04-13 10:58:00,PICK_UP,可能推荐这么一般市场.,1
218,CALL,2025-04-17 09:09:00,PICK_UP,起来完全最新深圳不断.,1
218,CALL,2025-04-21 13:28:00,PROMISE,根据由于必须为了怎么这样.,1
219,CALL,2025-06-02 20:03:00,REFUSE,设备威望基本有限正在质量.,1
219,CALL,2025-06-04 14:07:00,NO_ANSWER,单位主要注意是一需要国内.,1
219,LETTER,2025-06-07 09:56:00,\N,关系比较日期等级下载原因.,1
219,CALL,2025-06-09 10:29:00,NO_ANSWER,一起参加通过国内.,1
219,SMS,2025-06-12 11:11:00,\N,来自网络浏览孩子可能教育.,1
219,CALL,2025-06-16 18:15:00,PICK_UP,产品软件一样服务您的以上那么发表.,1
219,CALL,2025-06-21 14:37:00,REFUSE,有关加入方式如此孩子解决准备.,1
220,SMS,2025-05-07 16:37:00,\N,加入是一只有.,1
220,CALL,2025-05-09 17:04:00,NO_ANSWER,希望之后经验软件很多能够.,1
220,VISIT,2025-05-11 17:59:00,\N,活动更多设备文章但是会员.,1
220,SMS,2025-05-15 15:29:00,\N,可是经营法律运行表示准备这种.,1
220,LETTER,2025-05-16 16:42:00,\N,你们国际首页这样地区.,1
220,VISIT,2025-05-20 18:31:00,\N,发展专业点击安全公司.,1
220,CALL,2025-05-23 14:40:00,NO_ANSWER,规定当然查看等级.,1
221,CALL,2025-04-26 14:43:00,PICK_UP,大家系统关于具有系列程序需要基本.,1
221,CALL,2025-04-30 17:45:00,PICK_UP,这个论坛更新产品朋友上海以下影响.,1
221,LETTER,2025-05-03 16:57:00,\N,发表感觉电脑怎么首页.,1
221,CALL,2025-05-04 17:53:00,NO_ANSWER,发生非常全国有限威望其实管理.,1
221,CALL,2025-05-07 15:00:00,REFUSE,如果这个品牌.,1
222,LETTER,2025-06-08 20:20:00,\N,处理人员这种的话.,1
222,CALL,2025-06-10 16:28:00,NO_ANSWER,计划发生支持.,1
222,LETTER,2025-06-13 16:10:00,\N,一切准备本站很多还有.,1
222,CALL,2025-06-16 13:08:00,NO_ANSWER,部分进入组织.,1
222,CALL,2025-06-19 18:09:00,NO_ANSWER,可能显示介绍应该分析中文.,1
223,CALL,2025-03-29 09:59:00,PROMISE,然后各种积分方法系列.,1
223,CALL,2025-03-31 10:12:00,PICK_UP,能够提供电话还有通过处理以及.,1
223,CALL,2025-04-04 16:22:00,PROMISE,一种应用精华电脑更多资源销售.,1
223,CALL,2025-04-08 18:28:00,PICK_UP,更多文件出现美国主题.,1
223,CALL,2025-04-09 10:38:00,NO_ANSWER,上海日期都是关于她的时间分析.,1
223,CALL,2025-04-10 14:50:00,PROMISE,单位这种阅读应该深圳北京.,1
223,SMS,2025-04-13 11:38:00,\N,标准中心管理发表合作有关.,1
223,VISIT,2025-04-14 11:34:00,\N,因此查看到了.,1
223,CALL,2025-04-15 20:23:00,NO_ANSWER,工程处理拥有.,1
223,CALL,2025-04-18 19:04:00,PROMISE,不会很多是一法律你的.,1
223,CALL,2025-04-19 11:32:00,NO_ANSWER,情况但是最后出现然后系统日本.,1
223,CALL,2025-04-20 15:00:00,PICK_UP,电子原因文件东西现在内容选择阅读.,1
224,CALL,2025-06-13 16:46:00,PICK_UP,回复名称责任.,1
224,CALL,2025-06-14 12:59:00,PICK_UP,系列有限发布直接.,1
224,CALL,2025-06-15 09:55:00,NO_ANSWER,有些因此阅读以上.,1
224,CALL,2025-06-17 12:57:00,NO_ANSWER,是否发展新闻.,1
224,CALL,2025-06-18 18:14:00,REFUSE,一次内容进入我们.,1
224,SMS,2025-06-23 14:57:00,\N,投资直接服务.,1
225,CALL,2025-03-12 19:32:00,REFUSE,如果业务工程记者为了他的地区.,1
225,CALL,2025-03-16 15:01:00,REFUSE,增加进行服务但是手机品牌作为.,1
225,CALL,2025-03-17 16:32:00,PROMISE,表示当前就是.,1
225,CALL,2025-03-22 15:57:00,PROMISE,要求文化如此然后次数学习有限.,1
225,CALL,2025-03-26 11:21:00,PROMISE,详细需要那么中国相关.,1
225,CALL,2025-03-27 12:26:00,NO_ANSWER,教育可以回复.,1
225,LETTER,2025-03-28 10:40:00,\N,开发国际直接出来还有数据.,1
226,CALL,2025-06-27 19:05:00,PICK_UP,威望是一可以质量位置.,1
227,LETTER,2025-06-05 10:16:00,\N,地址一起会员不能.,1
227,CALL,2025-06-10 13:36:00,PROMISE,东西推荐次数.,1
227,CALL,2025-06-15 14:32:00,NO_ANSWER,您的广告专业发展.,1
227,CALL,2025-06-18 19:55:00,REFUSE,相关企业那个电子服务能够.,1
227,CALL,2025-06-20 10:56:00,PICK_UP,搜索不要政府技术记者.,1
227,CALL,2025-06-21 17:58:00,PROMISE,可以以及首页进入之间.,1
227,VISIT,2025-06-26 19:29:00,\N,有关具有非常作者市场主要规定.,1
227,SMS,2025-06-30 19:01:00,\N,重要我的她的一下所有是一.,1
228,LETTER,2025-06-11 16:49:00,\N,语言他的能力应用之后感觉主题.,1
228,CALL,2025-06-14 13:03:00,NO_ANSWER,正在出现成功为什帖子这个这是.,1
228,CALL,2025-06-16 10:44:00,REFUSE,电影服务不能产品单位自己基本.,1
228,CALL,2025-06-21 19:24:00,PROMISE,活动人民完全最后.,1
228,SMS,2025-06-25 13:01:00,\N,提供价格一个非常网络.,1
228,CALL,2025-06-27 14:28:00,PICK_UP,来自您的两个网上.,1
228,CALL,2025-06-30 11:36:00,REFUSE,当然联系用户制作项目计划部门.,1
229,CALL,2025-04-06 12:15:00,NO_ANSWER,人员影响还有那么您的开始.,1
229,CALL,2025-04-10 16:23:00,REFUSE,成功原因工程由于.,1
229,CALL,2025-04-13 15:11:00,REFUSE,只要如果目前密码作品.,1
229,SMS,2025-04-18 17:48:00,\N,文件然后组织免费.,1
229,CALL,2025-04-21 20:23:00,REFUSE,朋友首页上海电话以及.,1
229,LETTER,2025-04-25 10:09:00,\N,没有增加经济全国那些类型提供状态.,1
229,CALL,2025-04-28 15:40:00,PROMISE,之间只是然后首页网络.,1
230,VISIT,2025-05-19 16:29:00,\N,大小他们更新还是活动.,1
230,VISIT,2025-05-21 10:05:00,\N,可能工作以下继续空间一次能够.,1
230,CALL,2025-05-25 18:20:00,NO_ANSWER,过程所以注册上海.,1
230,SMS,2025-05-28 17:59:00,\N,进入发生社区国家工程一起.,1
230,CALL,2025-05-31 16:10:00,PICK_UP,的话生产其中电脑.,1
230,CALL,2025-06-01 11:30:00,NO_ANSWER,不会登录一点需要.,1
231,SMS,2025-04-25 17:17:00,\N,最大注意这些.,1
231,CALL,2025-04-29 14:54:00,PICK_UP,同时任何介绍登录是一广告软件.,1
231,CALL,2025-04-30 20:26:00,REFUSE,一点有限免费相关过程市场.,1
231,CALL,2025-05-02 14:34:00,NO_ANSWER,希望应该一种一个.,1
231,SMS,2025-05-05 15:43:00,\N,手机都是不能得到阅读.,1
231,CALL,2025-05-08 16:51:00,REFUSE,无法责任实现.,1
232,CALL,2025-06-20 13:33:00,NO_ANSWER,我的安全联系起来基本虽然.,1
232,CALL,2025-06-25 17:46:00,REFUSE,所以深圳历史运行怎么行业专业.,1
232,CALL,2025-06-29 17:47:00,REFUSE,比较完成支持原因网站东西部分.,1
233,CALL,2025-04-03 18:11:00,NO_ANSWER,类别广告电影应用.,1
233,SMS,2025-04-06 16:33:00,\N,很多一下网站工具如果方法.,1
233,SMS,2025-04-08 15:35:00,\N,查看但是搜索一起认为以后联系.,1
233,SMS,2025-04-09 19:28:00,\N,点击觉得使用本站精华合作.,1
233,LETTER,2025-04-14 19:51:00,\N,详细地方无法时候起来国际.,1
233,SMS,2025-04-18 12:17:00,\N,这是为了国际时候内容报告.,1
234,CALL,2025-04-22 12:14:00,REFUSE,为了产品直接问题到了学习世界汽车.,1
234,LETTER,2025-04-26 09:23:00,\N,价格也是游戏社区这是最新必须.,1
234,CALL,2025-04-30 12:35:00,PICK_UP,你们原因不是.,1
236,CALL,2025-06-11 13:08:00,PICK_UP,之间下载当前产品.,1
236,SMS,2025-06-15 14:19:00,\N,看到手机时间一样内容.,1
236,SMS,2025-06-16 13:04:00,\N,时候还是当前然后根据出来.,1
236,CALL,2025-06-18 11:43:00,PICK_UP,决定可能看到自己文化但是知道阅读.,1
236,CALL,2025-06-23 19:48:00,PROMISE,决定研究的人.,1
236,LETTER,2025-06-28 17:59:00,\N,目前一样状态发展不断.,1
237,SMS,2025-04-19 19:28:00,\N,地方事情以后支持具有学校.,1
237,VISIT,2025-04-24 19:36:00,\N,网络设计帮助最大.,1
237,CALL,2025-04-28 11:51:00,PICK_UP,大小程序使用进行什么资源.,1
237,SMS,2025-05-02 12:40:00,\N,不同程序这样一种.,1
237,SMS,2025-05-07 16:12:00,\N,这样文章文件这种看到网上经验.,1
237,CALL,2025-05-12 19:31:00,NO_ANSWER,次数显示最后网站软件同时.,1
237,SMS,2025-05-16 13:29:00,\N,阅读活动相关可能城市.,1
237,CALL,2025-05-20 11:47:00,PICK_UP,资源所以文化或者但是.,1
237,CALL,2025-05-21 17:00:00,PICK_UP,开发数据市场美国拥有方面.,1
237,CALL,2025-05-25 15:55:00,NO_ANSWER,为什语言系统回复服务其实程序.,1
237,CALL,2025-05-29 11:51:00,NO_ANSWER,学校社会不过手机一定.,1
237,CALL,2025-06-01 11:57:00,PICK_UP,更新所以现在会员.,1
238,CALL,2025-06-26 15:02:00,REFUSE,联系喜欢责任提高不会加入.,1
238,CALL,2025-06-28 10:57:00,PICK_UP,有些计划到了报告.,1
238,CALL,2025-06-30 19:37:00,PROMISE,手机以及行业基本.,1
239,SMS,2025-05-30 16:05:00,\N,显示系统一下而且.,1
239,CALL,2025-06-02 14:25:00,NO_ANSWER,状态销售记者一次以后.,1
239,LETTER,2025-06-07 15:53:00,\N,状态重要男人决定更多只要设备.,1
241,CALL,2025-05-09 13:00:00,PICK_UP,世界继续谢谢使用注册首页两个.,1
241,LETTER,2025-05-10 20:53:00,\N,我的产品当然一直简介以上作为.,1
241,LETTER,2025-05-11 15:51:00,\N,回复那么合作游戏空间我的.,1
241,CALL,2025-05-13 09:39:00,REFUSE,责任网上方法点击日期.,1
241,CALL,2025-05-15 17:19:00,PROMISE,出来根据这个帖子.,1
241,CALL,2025-05-16 16:20:00,REFUSE,各种人员显示通过主要功能其中.,1
241,CALL,2025-05-17 16:08:00,NO_ANSWER,说明资源本站作为.,1
241,VISIT,2025-05-19 11:05:00,\N,其实但是一样人员电影起来搜索点击.,1
241,CALL,2025-05-23 17:25:00,NO_ANSWER,最新表示阅读日本能力推荐文化.,1
242,CALL,2025-05-04 17:25:00,PROMISE,市场建设只是开始.,1
242,CALL,2025-05-05 12:59:00,REFUSE,朋友电子公司当前来自介绍.,1
242,CALL,2025-05-08 16:27:00,PICK_UP,有限最大系列登录.,1
242,CALL,2025-05-12 15:05:00,PICK_UP,注意以上位置有限.,1
242,CALL,2025-05-16 11:14:00,NO_ANSWER,出来注意威望部门.,1
243,SMS,2025-05-28 19:39:00,\N,出现各种如此孩子广告.,1
243,CALL,2025-05-29 14:16:00,NO_ANSWER,文化自己方面不会.,1
243,CALL,2025-05-31 10:55:00,NO_ANSWER,中心技术简介网站客户.,1
243,CALL,2025-06-03 12:16:00,PROMISE,以及今天阅读说明由于只有.,1
243,VISIT,2025-06-05 15:42:00,\N,设备更多个人.,1
243,CALL,2025-06-10 13:16:00,REFUSE,的话作品音乐表示.,1
243,SMS,2025-06-15 10:18:00,\N,地址东西中心同时投资.,1
243,CALL,2025-06-18 17:36:00,NO_ANSWER,作为工程人民状态国际.,1
243,CALL,2025-06-23 17:32:00,PROMISE,以上因此产品经营解决.,1
243,SMS,2025-06-28 16:21:00,\N,开发计划参加工作.,1
244,SMS,2025-06-28 15:41:00,\N,出现那些那个.,1
